process_area,unit,FF,NSH,sCF,mCF
Dry_etch,kgCO2e,97.46666667,117.5333333,133.5866665,112.3733333
Metallization,kgCO2e,24.94,45.58,45.58,48.16
Wet_etch,kgCO2e,20.07076191,33.25333335,34.20342859,32.65952382
Deposition,kgCO2e,84.70999997,110.5936111,129.8886669,112.4760555
EUV,kgCO2e,16.985,40.99333332,40.99333332,35.26
ArFi_LE,kgCO2e,3.774444443,4.491111109,4.491111109,4.491111109
ArF_LE,kgCO2e,0.7166666664,1.146666667,1.146666667,1.146666667
KrF,kgCO2e,1.576666665,0.2866666667,0.2866666667,0.2866666667
HG,kgCO2e,0.0,1.146666667,1.146666667,1.146666667
