material,total_thickness_nm,mass_g,gwp_kgco2e_per_kg,mpw_kgco2e
ACL,200.0,0.02827433388230814,254.6479089,0.00719999999867
CSOH,11223.334000000003,1.7453276103376358,13.98634348,0.0244107514433
Co,57.39999999999999,0.036110565517789836,44.50004513,0.00160692179521
Cu,7694.332666600001,4.873167730300771,6.090112618,0.0296781402839
HfOx,1.5,0.001027418607448372,24.90282414,2.55856248995e-05
Polysilicon,250.0,0.04117449871611123,4.130951538,0.000170089858798
Resist,7490.000000000001,0.5135537948878334,4.2,0.00215692593853
Si,171.00000000000003,0.02767986601243262,308.8887784,0.00854999999886
SiGe,51.00000000000001,0.010814932709982863,410.5865887,0.00444046632841
SiN,696.3340000000002,0.15603041157610503,64.5720543,0.0100752042087
SiO,3309.6333334,0.49830113479922483,2.046463887,0.00101975527722
SiOCN,6.0,0.0007634070148223198,0.0,0
SiON,3112.668,0.6182605154348537,37.87056387,0.0234138743381
SynthesizedMaterials,2127.668,0.150395988556757,0.0,0
Ta,16.399999199999996,0.01935943546485363,170.8356,0.0033072807733
TaN,16.399999199999996,0.015881692566975733,25.81588696,0.000409999980043
Ti,1.0,0.0003180862561759666,47.63335371,1.51515151507e-05
TiN,649.3340000000001,0.23913230928067913,43.97783202,0.0105165205281
W,300.0,0.4092709829464103,75.81493114,0.0310288513897
