FLOW,FEOL/BEOL,PITCH (nm),MODULE,LITHO METHOD,Process Description,Material (+ or -),Process Area,Category,Step Count,Energy/Step (kWh),Total Energy (kWh)
mCF,FEOL,,Bond Carrier Wafer,,bond_structure,,Wafer,Wafer,1,0.0,0.0
mCF,FEOL,,Bond Carrier Wafer,,depo_anisotropic,,Deposition,Deposition,2,1.094444444444444,2.188888888888888
mCF,FEOL,,Bond Carrier Wafer,,etch_cmp,,Wet_etch,Wet_etch,2,0.2761904761904762,0.5523809523809524
mCF,FEOL,,Dummy Gate,,depo_isotropic,,Deposition,Deposition,2,1.094444444444444,2.188888888888888
mCF,FEOL,,Dummy Gate,,etch_cmp,,Wet_etch,Wet_etch,1,0.2761904761904762,0.2761904761904762
mCF,FEOL,,Gate spacer deposition,,depo_fill,,Deposition,Deposition,1,1.094444444444444,1.094444444444444
mCF,FEOL,,Gate spacer deposition,,depo_height_dependent,,Deposition,Deposition,5,1.094444444444444,5.4722222222222205
mCF,FEOL,,Gate spacer deposition,,depo_isotropic,,Deposition,Deposition,1,1.094444444444444,1.094444444444444
mCF,FEOL,,Gate spacer deposition,,etch_anisotropic,,Dry_etch,Dry_etch,8,1.333333333333333,10.666666666666664
mCF,FEOL,,Gate spacer deposition,,etch_cmp,,Wet_etch,Wet_etch,1,0.2761904761904762,0.2761904761904762
mCF,FEOL,,Gate spacer deposition,,etch_strip,,Wet_etch,Wet_etch,1,0.2761904761904762,0.2761904761904762
mCF,FEOL,,"HKD, WFM, Gate",,depo_anisotropic,,Metallization,Metallization,1,2.0,2.0
mCF,FEOL,,"HKD, WFM, Gate",,depo_fill,,Deposition,Deposition,2,1.094444444444444,2.188888888888888
mCF,FEOL,,"HKD, WFM, Gate",,depo_fill,,Metallization,Metallization,2,2.0,4.0
mCF,FEOL,,"HKD, WFM, Gate",,depo_isotropic,,Deposition,Deposition,6,1.094444444444444,6.566666666666665
mCF,FEOL,,"HKD, WFM, Gate",,depo_isotropic,,Metallization,Metallization,1,2.0,2.0
mCF,FEOL,,"HKD, WFM, Gate",,etch_anisotropic,,Dry_etch,Dry_etch,1,1.333333333333333,1.333333333333333
mCF,FEOL,,"HKD, WFM, Gate",,etch_cmp,,Wet_etch,Wet_etch,3,0.2761904761904762,0.8285714285714286
mCF,FEOL,,"HKD, WFM, Gate",,etch_height_dependent,,Dry_etch,Dry_etch,1,1.333333333333333,1.333333333333333
mCF,FEOL,,"HKD, WFM, Gate",,etch_isotropic,,Wet_etch,Wet_etch,2,0.2761904761904762,0.5523809523809524
mCF,FEOL,,"HKD, WFM, Gate",,etch_strip,,Wet_etch,Wet_etch,3,0.2761904761904762,0.8285714285714286
mCF,FEOL,,ILD0 planarization,,depo_isotropic,,Deposition,Deposition,2,1.094444444444444,2.188888888888888
mCF,FEOL,,ILD0 planarization,,etch_cmp,,Wet_etch,Wet_etch,1,0.2761904761904762,0.2761904761904762
mCF,FEOL,,Inner spacer formation,,depo_fill,,Deposition,Deposition,1,1.094444444444444,1.094444444444444
mCF,FEOL,,Inner spacer formation,,depo_isotropic,,Deposition,Deposition,1,1.094444444444444,1.094444444444444
mCF,FEOL,,Inner spacer formation,,etch_anisotropic,,Dry_etch,Dry_etch,2,1.333333333333333,2.666666666666666
mCF,FEOL,,Inner spacer formation,,etch_isotropic,,Wet_etch,Wet_etch,1,0.2761904761904762,0.2761904761904762
mCF,FEOL,,N/P SD vertical patterning,,depo_anisotropic,,Deposition,Deposition,1,1.094444444444444,1.094444444444444
mCF,FEOL,,N/P SD vertical patterning,,depo_isotropic,,Metallization,Metallization,1,2.0,2.0
mCF,FEOL,,N/P SD vertical patterning,,etch_anisotropic,,Dry_etch,Dry_etch,2,1.333333333333333,2.666666666666666
mCF,FEOL,,N/P SD vertical patterning,,etch_strip,,Wet_etch,Wet_etch,2,0.2761904761904762,0.5523809523809524
mCF,FEOL,,NMOS SD epitaxy growth + contact,,depo_height_dependent,,Metallization,Metallization,1,2.0,2.0
mCF,FEOL,,NMOS SD epitaxy growth + contact,,depo_isotropic,,Deposition,Deposition,2,1.094444444444444,2.188888888888888
mCF,FEOL,,NMOS SD epitaxy growth + contact,,etch_anisotropic,,Dry_etch,Dry_etch,1,1.333333333333333,1.333333333333333
mCF,FEOL,,NMOS SD epitaxy growth + contact,,etch_cmp,,Wet_etch,Wet_etch,1,0.2761904761904762,0.2761904761904762
mCF,FEOL,,Nanosheet Stack Patterning,,depo_height_dependent,,Deposition,Deposition,5,1.094444444444444,5.4722222222222205
mCF,FEOL,,Nanosheet Stack Patterning,,depo_isotropic,,Deposition,Deposition,1,1.094444444444444,1.094444444444444
mCF,FEOL,,Nanosheet Stack Patterning,,etch_anisotropic,,Dry_etch,Dry_etch,8,1.333333333333333,10.666666666666664
mCF,FEOL,,Nanosheet Stack Patterning,,etch_cmp,,Wet_etch,Wet_etch,1,0.2761904761904762,0.2761904761904762
mCF,FEOL,,Nanosheet Stack Patterning,,etch_strip,,Wet_etch,Wet_etch,1,0.2761904761904762,0.2761904761904762
mCF,FEOL,,"N|P SD isolation formation (MDI), ILD Etchback and Exposure",,depo_fill,,Deposition,Deposition,1,1.094444444444444,1.094444444444444
mCF,FEOL,,"N|P SD isolation formation (MDI), ILD Etchback and Exposure",,etch_anisotropic,,Dry_etch,Dry_etch,1,1.333333333333333,1.333333333333333
mCF,FEOL,,"N|P SD isolation formation (MDI), ILD Etchback and Exposure",,etch_cmp,,Wet_etch,Wet_etch,1,0.2761904761904762,0.2761904761904762
mCF,FEOL,,"N|P SD isolation formation (MDI), ILD Etchback and Exposure",,etch_isotropic,,Wet_etch,Wet_etch,1,0.2761904761904762,0.2761904761904762
mCF,FEOL,,"N|P SD isolation formation (MDI), ILD Etchback and Exposure",,etch_strip,,Wet_etch,Wet_etch,1,0.2761904761904762,0.2761904761904762
mCF,FEOL,,PMOS SD epitaxy growth + contact,,depo_height_dependent,,Metallization,Metallization,1,2.0,2.0
mCF,FEOL,,PMOS SD epitaxy growth + contact,,depo_isotropic,,Deposition,Deposition,2,1.094444444444444,2.188888888888888
mCF,FEOL,,PMOS SD epitaxy growth + contact,,etch_anisotropic,,Dry_etch,Dry_etch,1,1.333333333333333,1.333333333333333
mCF,FEOL,,PMOS SD epitaxy growth + contact,,etch_cmp,,Wet_etch,Wet_etch,1,0.2761904761904762,0.2761904761904762
mCF,FEOL,,Shallow Trench Isolation formation,,depo_fill,,Deposition,Deposition,1,1.094444444444444,1.094444444444444
mCF,FEOL,,Shallow Trench Isolation formation,,etch_anisotropic,,Dry_etch,Dry_etch,1,1.333333333333333,1.333333333333333
mCF,FEOL,,Shallow Trench Isolation formation,,etch_cmp,,Wet_etch,Wet_etch,1,0.2761904761904762,0.2761904761904762
mCF,FEOL,,Shallow Trench Isolation formation,,etch_strip,,Wet_etch,Wet_etch,1,0.2761904761904762,0.2761904761904762
mCF,FEOL,,Si nanosheet channel release,,etch_anisotropic,,Dry_etch,Dry_etch,2,1.333333333333333,2.666666666666666
mCF,FEOL,,Si nanosheet channel release,,etch_cmp,,Wet_etch,Wet_etch,1,0.2761904761904762,0.2761904761904762
mCF,FEOL,,Si nanosheet channel release,,etch_strip,,Wet_etch,Wet_etch,1,0.2761904761904762,0.2761904761904762
mCF,FEOL,,SiGe/Si Superlattice Growth,,depo_epi,,Deposition,Deposition,19,1.094444444444444,20.794444444444437
mCF,FEOL,,Source/Drain Etch,,depo_anisotropic,,Deposition,Deposition,1,1.094444444444444,1.094444444444444
mCF,FEOL,,Source/Drain Etch,,depo_fill,,Deposition,Deposition,1,1.094444444444444,1.094444444444444
mCF,FEOL,,Source/Drain Etch,,etch_anisotropic,,Dry_etch,Dry_etch,2,1.333333333333333,2.666666666666666
mCF,FEOL,,Substrate Preparation,,implant_ellipsoid,,Dry_etch,Dry_etch,1,1.333333333333333,1.333333333333333
mCF,FEOL,,VBPR,,depo_fill,,Deposition,Deposition,4,1.094444444444444,4.377777777777776
mCF,FEOL,,VBPR,,depo_isotropic,,Deposition,Deposition,3,1.094444444444444,3.2833333333333323
mCF,FEOL,,VBPR,,depo_isotropic,,Metallization,Metallization,1,2.0,2.0
mCF,FEOL,,VBPR,,etch_anisotropic,,Dry_etch,Dry_etch,9,1.333333333333333,11.999999999999996
mCF,FEOL,,VBPR,,etch_cmp,,Wet_etch,Wet_etch,1,0.2761904761904762,0.2761904761904762
mCF,FEOL,,VBPR,,etch_strip,,Wet_etch,Wet_etch,2,0.2761904761904762,0.5523809523809524
mCF,FEOL,,VGateM0,,depo_fill,,Deposition,Deposition,4,1.094444444444444,4.377777777777776
mCF,FEOL,,VGateM0,,depo_isotropic,,Deposition,Deposition,3,1.094444444444444,3.2833333333333323
mCF,FEOL,,VGateM0,,depo_isotropic,,Metallization,Metallization,1,2.0,2.0
mCF,FEOL,,VGateM0,,etch_anisotropic,,Dry_etch,Dry_etch,10,1.333333333333333,13.33333333333333
mCF,FEOL,,VGateM0,,etch_cmp,,Wet_etch,Wet_etch,1,0.2761904761904762,0.2761904761904762
mCF,FEOL,,VGateM0,,etch_strip,,Wet_etch,Wet_etch,2,0.2761904761904762,0.5523809523809524
mCF,FEOL,,VSD Top,,depo_fill,,Deposition,Deposition,4,1.094444444444444,4.377777777777776
mCF,FEOL,,VSD Top,,depo_isotropic,,Deposition,Deposition,3,1.094444444444444,3.2833333333333323
mCF,FEOL,,VSD Top,,depo_isotropic,,Metallization,Metallization,1,2.0,2.0
mCF,FEOL,,VSD Top,,etch_anisotropic,,Dry_etch,Dry_etch,10,1.333333333333333,13.33333333333333
mCF,FEOL,,VSD Top,,etch_cmp,,Wet_etch,Wet_etch,1,0.2761904761904762,0.2761904761904762
mCF,FEOL,,VSD Top,,etch_strip,,Wet_etch,Wet_etch,2,0.2761904761904762,0.5523809523809524
mCF,FEOL,,Wafer Start,,substrate,,Wafer,Wafer,1,0.0,0.0
mCF,FEOL,,Wafer thin,,depo_anisotropic,,Deposition,Deposition,1,1.094444444444444,1.094444444444444
mCF,FEOL,,Wafer thin,,etch_cmp,,Wet_etch,Wet_etch,2,0.2761904761904762,0.5523809523809524
mCF,FEOL,,FET,ArFi_LE,configured_feol_litho,,Lithography,ArFi_LE,1,0.3611111111111111,0.3611111111111111
mCF,FEOL,,FET,EUV,configured_feol_litho,,Lithography,EUV,9,3.25,29.25
mCF,BEOL,24,M0,EUV2,ESL Cap Deposition,AlO/SiOC/AlO,Deposition,Deposition,1,1.094444444444444,1.094444444444444
mCF,BEOL,24,M0,EUV2,PMD Deposition,SiCOH,Deposition,Deposition,1,1.094444444444444,1.094444444444444
mCF,BEOL,24,M0,EUV2,ULK UV Cure,UV,Deposition,Deposition,1,1.094444444444444,1.094444444444444
mCF,BEOL,24,M0,EUV2,Post Clean Aerosol Spray,DIW,Wet Etch,Wet_etch,1,0.2761904761904762,0.2761904761904762
mCF,BEOL,24,M0,EUV2,ULK Cap Deposition,SiON,Deposition,Deposition,1,1.094444444444444,1.094444444444444
mCF,BEOL,24,M0,EUV2,TiN HM Deposition,TiN,Deposition,Deposition,1,1.094444444444444,1.094444444444444
mCF,BEOL,24,M0,EUV2,TiN HM Clean,DIW,Wet Etch,Wet_etch,1,0.2761904761904762,0.2761904761904762
mCF,BEOL,24,M0,EUV2,SiN HM1 Deposition,SiON,Deposition,Deposition,1,1.094444444444444,1.094444444444444
mCF,BEOL,24,M0,EUV2,AlOx Transfer Layer Deposition,AlO,Deposition,Deposition,1,1.094444444444444,1.094444444444444
mCF,BEOL,24,M0,EUV2,SiN HM2 Deposition,SiN,Deposition,Deposition,1,1.094444444444444,1.094444444444444
mCF,BEOL,24,M0,EUV2,CSOH Coat,CSOH,Wet Etch,Wet_etch,1,0.2761904761904762,0.2761904761904762
mCF,BEOL,24,M0,EUV2,SiON Deposition,SiON,Deposition,Deposition,1,1.094444444444444,1.094444444444444
mCF,BEOL,24,M0,EUV2,Pre-Litho Clean,DIW,Wet Etch,Wet_etch,1,0.2761904761904762,0.2761904761904762
mCF,BEOL,24,M0,EUV2,M0 Color1 Lithography,BARC/CAR Resist,EUV,EUV,1,3.25,3.25
mCF,BEOL,24,M0,EUV2,M0 Color1 HM Etch,SiON/C/SiN(SiON)/C,Dry Etch,Dry_etch,1,1.333333333333333,1.333333333333333
mCF,BEOL,24,M0,EUV2,BEOL Post-Etch Clean,DSP,Wet Etch,Wet_etch,1,0.2761904761904762,0.2761904761904762
mCF,BEOL,24,M0,EUV2,Self-Alignment Spacer Deposition,SiO,Dry Etch,Dry_etch,1,1.333333333333333,1.333333333333333
mCF,BEOL,24,M0,EUV2,Self-Alignment Spacer Etch,SiO,Dry Etch,Dry_etch,1,1.333333333333333,1.333333333333333
mCF,BEOL,24,M0,EUV2,BEOL Post-Etch Clean,DSP,Wet Etch,Wet_etch,1,0.2761904761904762,0.2761904761904762
mCF,BEOL,24,M0,EUV2,CSOH Coat,CSOH,Wet Etch,Wet_etch,1,0.2761904761904762,0.2761904761904762
mCF,BEOL,24,M0,EUV2,SiON Deposition,SiON,Deposition,Deposition,1,1.094444444444444,1.094444444444444
mCF,BEOL,24,M0,EUV2,Pre-Litho Clean,DIW,Wet Etch,Wet_etch,1,0.2761904761904762,0.2761904761904762
mCF,BEOL,24,M0,EUV2,M0 Color2 Lithography,BARC/CAR Resist,EUV,EUV,1,3.25,3.25
mCF,BEOL,24,M0,EUV2,M0 Color2 HM Etch,SiON/C/SiN(SiON)/C,Dry Etch,Dry_etch,1,1.333333333333333,1.333333333333333
mCF,BEOL,24,M0,EUV2,Post-Etch Clean,DSP,Wet Etch,Wet_etch,1,0.2761904761904762,0.2761904761904762
mCF,BEOL,24,M0,EUV2,M0 TiN HM Etch,AlO/SiN(SiO)/TiN(AlOx)/SiN,Dry Etch,Dry_etch,1,1.333333333333333,1.333333333333333
mCF,BEOL,24,M0,EUV2,Post-Etch Clean,DSP,Wet Etch,Wet_etch,1,0.2761904761904762,0.2761904761904762
mCF,BEOL,24,M0,EUV2,M0 Trench Etch,SiON/ULK/AlO/SiOC/AlO,Dry Etch,Dry_etch,1,1.333333333333333,1.333333333333333
mCF,BEOL,24,M0,EUV2,BEOL Post-Etch Clean,udHF/Solvent,Wet Etch,Wet_etch,1,0.2761904761904762,0.2761904761904762
mCF,BEOL,24,M0,EUV2,Barrier/Seed Deposition,TaN/Ta/Co/Cu,Metallization,Metallization,1,2.0,2.0
mCF,BEOL,24,M0,EUV2,Cu Plate,Cu,Metallization,Metallization,1,2.0,2.0
mCF,BEOL,24,M0,EUV2,Cu Anneal,N2,Dry Etch,Dry_etch,1,1.333333333333333,1.333333333333333
mCF,BEOL,24,M0,EUV2,Cu CMP,Cu/Co/Ta/TaN/TiN/SiON,Wet Etch,Wet_etch,1,0.2761904761904762,0.2761904761904762
mCF,BEOL,24,M0,EUV2,CVD Co Cap Deposition,Co,Deposition,Deposition,1,1.094444444444444,1.094444444444444
mCF,BEOL,,V0,EUV2,PMD3 Deposition,SiCOH,Deposition,Deposition,1,1.094444444444444,1.094444444444444
mCF,BEOL,,V0,EUV2,ULK UV Cure,UV,Deposition,Deposition,1,1.094444444444444,1.094444444444444
mCF,BEOL,,V0,EUV2,Post Clean Aerosol Spray,DIW,Wet Etch,Wet_etch,1,0.2761904761904762,0.2761904761904762
mCF,BEOL,,V0,EUV2,PMD Cap Deposition,SiON,Deposition,Deposition,1,1.094444444444444,1.094444444444444
mCF,BEOL,,V0,EUV2,CSOH Coat,CSOH,Wet Etch,Wet_etch,1,0.2761904761904762,0.2761904761904762
mCF,BEOL,,V0,EUV2,Oxide HM Deposition,SiO,Deposition,Deposition,1,1.094444444444444,1.094444444444444
mCF,BEOL,,V0,EUV2,SiN HM Deposition,SiN,Deposition,Deposition,1,1.094444444444444,1.094444444444444
mCF,BEOL,,V0,EUV2,CSOH Coat,CSOH,Wet Etch,Wet_etch,1,0.2761904761904762,0.2761904761904762
mCF,BEOL,,V0,EUV2,SiON Deposition,SiON,Deposition,Deposition,1,1.094444444444444,1.094444444444444
mCF,BEOL,,V0,EUV2,Pre-Litho Clean,DIW,Wet Etch,Wet_etch,1,0.2761904761904762,0.2761904761904762
mCF,BEOL,,V0,EUV2,VC Lithography,BARC/CAR Resist,EUV,EUV,1,3.25,3.25
mCF,BEOL,,V0,EUV2,VC Color1 HM Etch,SiON/C/SiN(SiON)/C,Dry Etch,Dry_etch,1,1.333333333333333,1.333333333333333
mCF,BEOL,,V0,EUV2,Post-Etch Clean,DSP,Wet Etch,Wet_etch,1,0.2761904761904762,0.2761904761904762
mCF,BEOL,,V0,EUV2,CSOH Coat,CSOH,Wet Etch,Wet_etch,1,0.2761904761904762,0.2761904761904762
mCF,BEOL,,V0,EUV2,SiON Deposition,SiON,Deposition,Deposition,1,1.094444444444444,1.094444444444444
mCF,BEOL,,V0,EUV2,Pre-Litho Clean,DIW,Wet Etch,Wet_etch,1,0.2761904761904762,0.2761904761904762
mCF,BEOL,,V0,EUV2,VC Lithography,BARC/CAR Resist,EUV,EUV,1,3.25,3.25
mCF,BEOL,,V0,EUV2,VC Color2 HM Etch,SiON/C/SiN(SiON)/C,Dry Etch,Dry_etch,1,1.333333333333333,1.333333333333333
mCF,BEOL,,V0,EUV2,Post-Etch Clean,DSP,Wet Etch,Wet_etch,1,0.2761904761904762,0.2761904761904762
mCF,BEOL,,V0,EUV2,VC Trench Etch,AlO/SiN/AlO/SiON/ULK/SiN,Dry Etch,Dry_etch,1,1.333333333333333,1.333333333333333
mCF,BEOL,,V0,EUV2,Via-Etch Post Clean,DSP,Wet Etch,Wet_etch,1,0.2761904761904762,0.2761904761904762
mCF,BEOL,,V0,EUV2,VC Barrier and Fill Deposition,WC/FFW,Dry Etch,Dry_etch,1,1.333333333333333,1.333333333333333
mCF,BEOL,,V0,EUV2,VC Metallization CMP,W/WC/SiON,Wet Etch,Wet_etch,1,0.2761904761904762,0.2761904761904762
mCF,BEOL,28,M1,EUV2,ESL Cap Deposition,AlO/SiOC/AlO,Deposition,Deposition,1,1.094444444444444,1.094444444444444
mCF,BEOL,28,M1,EUV2,PMD Deposition,SiCOH,Deposition,Deposition,1,1.094444444444444,1.094444444444444
mCF,BEOL,28,M1,EUV2,ULK UV Cure,UV,Deposition,Deposition,1,1.094444444444444,1.094444444444444
mCF,BEOL,28,M1,EUV2,Post Clean Aerosol Spray,DIW,Wet Etch,Wet_etch,1,0.2761904761904762,0.2761904761904762
mCF,BEOL,28,M1,EUV2,ULK Cap Deposition,SiON,Deposition,Deposition,1,1.094444444444444,1.094444444444444
mCF,BEOL,28,M1,EUV2,TiN HM Deposition,TiN,Deposition,Deposition,1,1.094444444444444,1.094444444444444
mCF,BEOL,28,M1,EUV2,TiN HM Clean,DIW,Wet Etch,Wet_etch,1,0.2761904761904762,0.2761904761904762
mCF,BEOL,28,M1,EUV2,SiN HM1 Deposition,SiON,Deposition,Deposition,1,1.094444444444444,1.094444444444444
mCF,BEOL,28,M1,EUV2,AlOx Transfer Layer Deposition,AlO,Deposition,Deposition,1,1.094444444444444,1.094444444444444
mCF,BEOL,28,M1,EUV2,SiN HM2 Deposition,SiN,Deposition,Deposition,1,1.094444444444444,1.094444444444444
mCF,BEOL,28,M1,EUV2,CSOH Coat,CSOH,Wet Etch,Wet_etch,1,0.2761904761904762,0.2761904761904762
mCF,BEOL,28,M1,EUV2,SiON Deposition,SiON,Deposition,Deposition,1,1.094444444444444,1.094444444444444
mCF,BEOL,28,M1,EUV2,Pre-Litho Clean,DIW,Wet Etch,Wet_etch,1,0.2761904761904762,0.2761904761904762
mCF,BEOL,28,M1,EUV2,M0 Color1 Lithography,BARC/CAR Resist,EUV,EUV,1,3.25,3.25
mCF,BEOL,28,M1,EUV2,M0 Color1 HM Etch,SiON/C/SiN(SiON)/C,Dry Etch,Dry_etch,1,1.333333333333333,1.333333333333333
mCF,BEOL,28,M1,EUV2,BEOL Post-Etch Clean,DSP,Wet Etch,Wet_etch,1,0.2761904761904762,0.2761904761904762
mCF,BEOL,28,M1,EUV2,Self-Alignment Spacer Deposition,SiO,Dry Etch,Dry_etch,1,1.333333333333333,1.333333333333333
mCF,BEOL,28,M1,EUV2,Self-Alignment Spacer Etch,SiO,Dry Etch,Dry_etch,1,1.333333333333333,1.333333333333333
mCF,BEOL,28,M1,EUV2,BEOL Post-Etch Clean,DSP,Wet Etch,Wet_etch,1,0.2761904761904762,0.2761904761904762
mCF,BEOL,28,M1,EUV2,CSOH Coat,CSOH,Wet Etch,Wet_etch,1,0.2761904761904762,0.2761904761904762
mCF,BEOL,28,M1,EUV2,SiON Deposition,SiON,Deposition,Deposition,1,1.094444444444444,1.094444444444444
mCF,BEOL,28,M1,EUV2,Pre-Litho Clean,DIW,Wet Etch,Wet_etch,1,0.2761904761904762,0.2761904761904762
mCF,BEOL,28,M1,EUV2,M0 Color2 Lithography,BARC/CAR Resist,EUV,EUV,1,3.25,3.25
mCF,BEOL,28,M1,EUV2,M0 Color2 HM Etch,SiON/C/SiN(SiON)/C,Dry Etch,Dry_etch,1,1.333333333333333,1.333333333333333
mCF,BEOL,28,M1,EUV2,Post-Etch Clean,DSP,Wet Etch,Wet_etch,1,0.2761904761904762,0.2761904761904762
mCF,BEOL,28,M1,EUV2,M0 TiN HM Etch,AlO/SiN(SiO)/TiN(AlOx)/SiN,Dry Etch,Dry_etch,1,1.333333333333333,1.333333333333333
mCF,BEOL,28,M1,EUV2,Post-Etch Clean,DSP,Wet Etch,Wet_etch,1,0.2761904761904762,0.2761904761904762
mCF,BEOL,28,M1,EUV2,M0 Trench Etch,SiON/ULK/AlO/SiOC/AlO,Dry Etch,Dry_etch,1,1.333333333333333,1.333333333333333
mCF,BEOL,28,M1,EUV2,BEOL Post-Etch Clean,udHF/Solvent,Wet Etch,Wet_etch,1,0.2761904761904762,0.2761904761904762
mCF,BEOL,28,M1,EUV2,Barrier/Seed Deposition,TaN/Ta/Co/Cu,Metallization,Metallization,1,2.0,2.0
mCF,BEOL,28,M1,EUV2,Cu Plate,Cu,Metallization,Metallization,1,2.0,2.0
mCF,BEOL,28,M1,EUV2,Cu Anneal,N2,Dry Etch,Dry_etch,1,1.333333333333333,1.333333333333333
mCF,BEOL,28,M1,EUV2,Cu CMP,Cu/Co/Ta/TaN/TiN/SiON,Wet Etch,Wet_etch,1,0.2761904761904762,0.2761904761904762
mCF,BEOL,28,M1,EUV2,CVD Co Cap Deposition,Co,Deposition,Deposition,1,1.094444444444444,1.094444444444444
mCF,BEOL,,V1,EUV2,PMD3 Deposition,SiCOH,Deposition,Deposition,1,1.094444444444444,1.094444444444444
mCF,BEOL,,V1,EUV2,ULK UV Cure,UV,Deposition,Deposition,1,1.094444444444444,1.094444444444444
mCF,BEOL,,V1,EUV2,Post Clean Aerosol Spray,DIW,Wet Etch,Wet_etch,1,0.2761904761904762,0.2761904761904762
mCF,BEOL,,V1,EUV2,PMD Cap Deposition,SiON,Deposition,Deposition,1,1.094444444444444,1.094444444444444
mCF,BEOL,,V1,EUV2,CSOH Coat,CSOH,Wet Etch,Wet_etch,1,0.2761904761904762,0.2761904761904762
mCF,BEOL,,V1,EUV2,Oxide HM Deposition,SiO,Deposition,Deposition,1,1.094444444444444,1.094444444444444
mCF,BEOL,,V1,EUV2,SiN HM Deposition,SiN,Deposition,Deposition,1,1.094444444444444,1.094444444444444
mCF,BEOL,,V1,EUV2,CSOH Coat,CSOH,Wet Etch,Wet_etch,1,0.2761904761904762,0.2761904761904762
mCF,BEOL,,V1,EUV2,SiON Deposition,SiON,Deposition,Deposition,1,1.094444444444444,1.094444444444444
mCF,BEOL,,V1,EUV2,Pre-Litho Clean,DIW,Wet Etch,Wet_etch,1,0.2761904761904762,0.2761904761904762
mCF,BEOL,,V1,EUV2,VC Lithography,BARC/CAR Resist,EUV,EUV,1,3.25,3.25
mCF,BEOL,,V1,EUV2,VC Color1 HM Etch,SiON/C/SiN(SiON)/C,Dry Etch,Dry_etch,1,1.333333333333333,1.333333333333333
mCF,BEOL,,V1,EUV2,Post-Etch Clean,DSP,Wet Etch,Wet_etch,1,0.2761904761904762,0.2761904761904762
mCF,BEOL,,V1,EUV2,CSOH Coat,CSOH,Wet Etch,Wet_etch,1,0.2761904761904762,0.2761904761904762
mCF,BEOL,,V1,EUV2,SiON Deposition,SiON,Deposition,Deposition,1,1.094444444444444,1.094444444444444
mCF,BEOL,,V1,EUV2,Pre-Litho Clean,DIW,Wet Etch,Wet_etch,1,0.2761904761904762,0.2761904761904762
mCF,BEOL,,V1,EUV2,VC Lithography,BARC/CAR Resist,EUV,EUV,1,3.25,3.25
mCF,BEOL,,V1,EUV2,VC Color2 HM Etch,SiON/C/SiN(SiON)/C,Dry Etch,Dry_etch,1,1.333333333333333,1.333333333333333
mCF,BEOL,,V1,EUV2,Post-Etch Clean,DSP,Wet Etch,Wet_etch,1,0.2761904761904762,0.2761904761904762
mCF,BEOL,,V1,EUV2,VC Trench Etch,AlO/SiN/AlO/SiON/ULK/SiN,Dry Etch,Dry_etch,1,1.333333333333333,1.333333333333333
mCF,BEOL,,V1,EUV2,Via-Etch Post Clean,DSP,Wet Etch,Wet_etch,1,0.2761904761904762,0.2761904761904762
mCF,BEOL,,V1,EUV2,VC Barrier and Fill Deposition,WC/FFW,Dry Etch,Dry_etch,1,1.333333333333333,1.333333333333333
mCF,BEOL,,V1,EUV2,VC Metallization CMP,W/WC/SiON,Wet Etch,Wet_etch,1,0.2761904761904762,0.2761904761904762
mCF,BEOL,24,M2,EUV2,ESL Cap Deposition,AlO/SiOC/AlO,Deposition,Deposition,1,1.094444444444444,1.094444444444444
mCF,BEOL,24,M2,EUV2,PMD Deposition,SiCOH,Deposition,Deposition,1,1.094444444444444,1.094444444444444
mCF,BEOL,24,M2,EUV2,ULK UV Cure,UV,Deposition,Deposition,1,1.094444444444444,1.094444444444444
mCF,BEOL,24,M2,EUV2,Post Clean Aerosol Spray,DIW,Wet Etch,Wet_etch,1,0.2761904761904762,0.2761904761904762
mCF,BEOL,24,M2,EUV2,ULK Cap Deposition,SiON,Deposition,Deposition,1,1.094444444444444,1.094444444444444
mCF,BEOL,24,M2,EUV2,TiN HM Deposition,TiN,Deposition,Deposition,1,1.094444444444444,1.094444444444444
mCF,BEOL,24,M2,EUV2,TiN HM Clean,DIW,Wet Etch,Wet_etch,1,0.2761904761904762,0.2761904761904762
mCF,BEOL,24,M2,EUV2,SiN HM1 Deposition,SiON,Deposition,Deposition,1,1.094444444444444,1.094444444444444
mCF,BEOL,24,M2,EUV2,AlOx Transfer Layer Deposition,AlO,Deposition,Deposition,1,1.094444444444444,1.094444444444444
mCF,BEOL,24,M2,EUV2,SiN HM2 Deposition,SiN,Deposition,Deposition,1,1.094444444444444,1.094444444444444
mCF,BEOL,24,M2,EUV2,CSOH Coat,CSOH,Wet Etch,Wet_etch,1,0.2761904761904762,0.2761904761904762
mCF,BEOL,24,M2,EUV2,SiON Deposition,SiON,Deposition,Deposition,1,1.094444444444444,1.094444444444444
mCF,BEOL,24,M2,EUV2,Pre-Litho Clean,DIW,Wet Etch,Wet_etch,1,0.2761904761904762,0.2761904761904762
mCF,BEOL,24,M2,EUV2,M0 Color1 Lithography,BARC/CAR Resist,EUV,EUV,1,3.25,3.25
mCF,BEOL,24,M2,EUV2,M0 Color1 HM Etch,SiON/C/SiN(SiON)/C,Dry Etch,Dry_etch,1,1.333333333333333,1.333333333333333
mCF,BEOL,24,M2,EUV2,BEOL Post-Etch Clean,DSP,Wet Etch,Wet_etch,1,0.2761904761904762,0.2761904761904762
mCF,BEOL,24,M2,EUV2,Self-Alignment Spacer Deposition,SiO,Dry Etch,Dry_etch,1,1.333333333333333,1.333333333333333
mCF,BEOL,24,M2,EUV2,Self-Alignment Spacer Etch,SiO,Dry Etch,Dry_etch,1,1.333333333333333,1.333333333333333
mCF,BEOL,24,M2,EUV2,BEOL Post-Etch Clean,DSP,Wet Etch,Wet_etch,1,0.2761904761904762,0.2761904761904762
mCF,BEOL,24,M2,EUV2,CSOH Coat,CSOH,Wet Etch,Wet_etch,1,0.2761904761904762,0.2761904761904762
mCF,BEOL,24,M2,EUV2,SiON Deposition,SiON,Deposition,Deposition,1,1.094444444444444,1.094444444444444
mCF,BEOL,24,M2,EUV2,Pre-Litho Clean,DIW,Wet Etch,Wet_etch,1,0.2761904761904762,0.2761904761904762
mCF,BEOL,24,M2,EUV2,M0 Color2 Lithography,BARC/CAR Resist,EUV,EUV,1,3.25,3.25
mCF,BEOL,24,M2,EUV2,M0 Color2 HM Etch,SiON/C/SiN(SiON)/C,Dry Etch,Dry_etch,1,1.333333333333333,1.333333333333333
mCF,BEOL,24,M2,EUV2,Post-Etch Clean,DSP,Wet Etch,Wet_etch,1,0.2761904761904762,0.2761904761904762
mCF,BEOL,24,M2,EUV2,M0 TiN HM Etch,AlO/SiN(SiO)/TiN(AlOx)/SiN,Dry Etch,Dry_etch,1,1.333333333333333,1.333333333333333
mCF,BEOL,24,M2,EUV2,Post-Etch Clean,DSP,Wet Etch,Wet_etch,1,0.2761904761904762,0.2761904761904762
mCF,BEOL,24,M2,EUV2,M0 Trench Etch,SiON/ULK/AlO/SiOC/AlO,Dry Etch,Dry_etch,1,1.333333333333333,1.333333333333333
mCF,BEOL,24,M2,EUV2,BEOL Post-Etch Clean,udHF/Solvent,Wet Etch,Wet_etch,1,0.2761904761904762,0.2761904761904762
mCF,BEOL,24,M2,EUV2,Barrier/Seed Deposition,TaN/Ta/Co/Cu,Metallization,Metallization,1,2.0,2.0
mCF,BEOL,24,M2,EUV2,Cu Plate,Cu,Metallization,Metallization,1,2.0,2.0
mCF,BEOL,24,M2,EUV2,Cu Anneal,N2,Dry Etch,Dry_etch,1,1.333333333333333,1.333333333333333
mCF,BEOL,24,M2,EUV2,Cu CMP,Cu/Co/Ta/TaN/TiN/SiON,Wet Etch,Wet_etch,1,0.2761904761904762,0.2761904761904762
mCF,BEOL,24,M2,EUV2,CVD Co Cap Deposition,Co,Deposition,Deposition,1,1.094444444444444,1.094444444444444
mCF,BEOL,,V2,EUV2,PMD3 Deposition,SiCOH,Deposition,Deposition,1,1.094444444444444,1.094444444444444
mCF,BEOL,,V2,EUV2,ULK UV Cure,UV,Deposition,Deposition,1,1.094444444444444,1.094444444444444
mCF,BEOL,,V2,EUV2,Post Clean Aerosol Spray,DIW,Wet Etch,Wet_etch,1,0.2761904761904762,0.2761904761904762
mCF,BEOL,,V2,EUV2,PMD Cap Deposition,SiON,Deposition,Deposition,1,1.094444444444444,1.094444444444444
mCF,BEOL,,V2,EUV2,CSOH Coat,CSOH,Wet Etch,Wet_etch,1,0.2761904761904762,0.2761904761904762
mCF,BEOL,,V2,EUV2,Oxide HM Deposition,SiO,Deposition,Deposition,1,1.094444444444444,1.094444444444444
mCF,BEOL,,V2,EUV2,SiN HM Deposition,SiN,Deposition,Deposition,1,1.094444444444444,1.094444444444444
mCF,BEOL,,V2,EUV2,CSOH Coat,CSOH,Wet Etch,Wet_etch,1,0.2761904761904762,0.2761904761904762
mCF,BEOL,,V2,EUV2,SiON Deposition,SiON,Deposition,Deposition,1,1.094444444444444,1.094444444444444
mCF,BEOL,,V2,EUV2,Pre-Litho Clean,DIW,Wet Etch,Wet_etch,1,0.2761904761904762,0.2761904761904762
mCF,BEOL,,V2,EUV2,VC Lithography,BARC/CAR Resist,EUV,EUV,1,3.25,3.25
mCF,BEOL,,V2,EUV2,VC Color1 HM Etch,SiON/C/SiN(SiON)/C,Dry Etch,Dry_etch,1,1.333333333333333,1.333333333333333
mCF,BEOL,,V2,EUV2,Post-Etch Clean,DSP,Wet Etch,Wet_etch,1,0.2761904761904762,0.2761904761904762
mCF,BEOL,,V2,EUV2,CSOH Coat,CSOH,Wet Etch,Wet_etch,1,0.2761904761904762,0.2761904761904762
mCF,BEOL,,V2,EUV2,SiON Deposition,SiON,Deposition,Deposition,1,1.094444444444444,1.094444444444444
mCF,BEOL,,V2,EUV2,Pre-Litho Clean,DIW,Wet Etch,Wet_etch,1,0.2761904761904762,0.2761904761904762
mCF,BEOL,,V2,EUV2,VC Lithography,BARC/CAR Resist,EUV,EUV,1,3.25,3.25
mCF,BEOL,,V2,EUV2,VC Color2 HM Etch,SiON/C/SiN(SiON)/C,Dry Etch,Dry_etch,1,1.333333333333333,1.333333333333333
mCF,BEOL,,V2,EUV2,Post-Etch Clean,DSP,Wet Etch,Wet_etch,1,0.2761904761904762,0.2761904761904762
mCF,BEOL,,V2,EUV2,VC Trench Etch,AlO/SiN/AlO/SiON/ULK/SiN,Dry Etch,Dry_etch,1,1.333333333333333,1.333333333333333
mCF,BEOL,,V2,EUV2,Via-Etch Post Clean,DSP,Wet Etch,Wet_etch,1,0.2761904761904762,0.2761904761904762
mCF,BEOL,,V2,EUV2,VC Barrier and Fill Deposition,WC/FFW,Dry Etch,Dry_etch,1,1.333333333333333,1.333333333333333
mCF,BEOL,,V2,EUV2,VC Metallization CMP,W/WC/SiON,Wet Etch,Wet_etch,1,0.2761904761904762,0.2761904761904762
mCF,BEOL,28,M3,EUV2,ESL Cap Deposition,AlO/SiOC/AlO,Deposition,Deposition,1,1.094444444444444,1.094444444444444
mCF,BEOL,28,M3,EUV2,PMD Deposition,SiCOH,Deposition,Deposition,1,1.094444444444444,1.094444444444444
mCF,BEOL,28,M3,EUV2,ULK UV Cure,UV,Deposition,Deposition,1,1.094444444444444,1.094444444444444
mCF,BEOL,28,M3,EUV2,Post Clean Aerosol Spray,DIW,Wet Etch,Wet_etch,1,0.2761904761904762,0.2761904761904762
mCF,BEOL,28,M3,EUV2,ULK Cap Deposition,SiON,Deposition,Deposition,1,1.094444444444444,1.094444444444444
mCF,BEOL,28,M3,EUV2,TiN HM Deposition,TiN,Deposition,Deposition,1,1.094444444444444,1.094444444444444
mCF,BEOL,28,M3,EUV2,TiN HM Clean,DIW,Wet Etch,Wet_etch,1,0.2761904761904762,0.2761904761904762
mCF,BEOL,28,M3,EUV2,SiN HM1 Deposition,SiON,Deposition,Deposition,1,1.094444444444444,1.094444444444444
mCF,BEOL,28,M3,EUV2,AlOx Transfer Layer Deposition,AlO,Deposition,Deposition,1,1.094444444444444,1.094444444444444
mCF,BEOL,28,M3,EUV2,SiN HM2 Deposition,SiN,Deposition,Deposition,1,1.094444444444444,1.094444444444444
mCF,BEOL,28,M3,EUV2,CSOH Coat,CSOH,Wet Etch,Wet_etch,1,0.2761904761904762,0.2761904761904762
mCF,BEOL,28,M3,EUV2,SiON Deposition,SiON,Deposition,Deposition,1,1.094444444444444,1.094444444444444
mCF,BEOL,28,M3,EUV2,Pre-Litho Clean,DIW,Wet Etch,Wet_etch,1,0.2761904761904762,0.2761904761904762
mCF,BEOL,28,M3,EUV2,M0 Color1 Lithography,BARC/CAR Resist,EUV,EUV,1,3.25,3.25
mCF,BEOL,28,M3,EUV2,M0 Color1 HM Etch,SiON/C/SiN(SiON)/C,Dry Etch,Dry_etch,1,1.333333333333333,1.333333333333333
mCF,BEOL,28,M3,EUV2,BEOL Post-Etch Clean,DSP,Wet Etch,Wet_etch,1,0.2761904761904762,0.2761904761904762
mCF,BEOL,28,M3,EUV2,Self-Alignment Spacer Deposition,SiO,Dry Etch,Dry_etch,1,1.333333333333333,1.333333333333333
mCF,BEOL,28,M3,EUV2,Self-Alignment Spacer Etch,SiO,Dry Etch,Dry_etch,1,1.333333333333333,1.333333333333333
mCF,BEOL,28,M3,EUV2,BEOL Post-Etch Clean,DSP,Wet Etch,Wet_etch,1,0.2761904761904762,0.2761904761904762
mCF,BEOL,28,M3,EUV2,CSOH Coat,CSOH,Wet Etch,Wet_etch,1,0.2761904761904762,0.2761904761904762
mCF,BEOL,28,M3,EUV2,SiON Deposition,SiON,Deposition,Deposition,1,1.094444444444444,1.094444444444444
mCF,BEOL,28,M3,EUV2,Pre-Litho Clean,DIW,Wet Etch,Wet_etch,1,0.2761904761904762,0.2761904761904762
mCF,BEOL,28,M3,EUV2,M0 Color2 Lithography,BARC/CAR Resist,EUV,EUV,1,3.25,3.25
mCF,BEOL,28,M3,EUV2,M0 Color2 HM Etch,SiON/C/SiN(SiON)/C,Dry Etch,Dry_etch,1,1.333333333333333,1.333333333333333
mCF,BEOL,28,M3,EUV2,Post-Etch Clean,DSP,Wet Etch,Wet_etch,1,0.2761904761904762,0.2761904761904762
mCF,BEOL,28,M3,EUV2,M0 TiN HM Etch,AlO/SiN(SiO)/TiN(AlOx)/SiN,Dry Etch,Dry_etch,1,1.333333333333333,1.333333333333333
mCF,BEOL,28,M3,EUV2,Post-Etch Clean,DSP,Wet Etch,Wet_etch,1,0.2761904761904762,0.2761904761904762
mCF,BEOL,28,M3,EUV2,M0 Trench Etch,SiON/ULK/AlO/SiOC/AlO,Dry Etch,Dry_etch,1,1.333333333333333,1.333333333333333
mCF,BEOL,28,M3,EUV2,BEOL Post-Etch Clean,udHF/Solvent,Wet Etch,Wet_etch,1,0.2761904761904762,0.2761904761904762
mCF,BEOL,28,M3,EUV2,Barrier/Seed Deposition,TaN/Ta/Co/Cu,Metallization,Metallization,1,2.0,2.0
mCF,BEOL,28,M3,EUV2,Cu Plate,Cu,Metallization,Metallization,1,2.0,2.0
mCF,BEOL,28,M3,EUV2,Cu Anneal,N2,Dry Etch,Dry_etch,1,1.333333333333333,1.333333333333333
mCF,BEOL,28,M3,EUV2,Cu CMP,Cu/Co/Ta/TaN/TiN/SiON,Wet Etch,Wet_etch,1,0.2761904761904762,0.2761904761904762
mCF,BEOL,28,M3,EUV2,CVD Co Cap Deposition,Co,Deposition,Deposition,1,1.094444444444444,1.094444444444444
mCF,BEOL,,V3,EUV2,PMD3 Deposition,SiCOH,Deposition,Deposition,1,1.094444444444444,1.094444444444444
mCF,BEOL,,V3,EUV2,ULK UV Cure,UV,Deposition,Deposition,1,1.094444444444444,1.094444444444444
mCF,BEOL,,V3,EUV2,Post Clean Aerosol Spray,DIW,Wet Etch,Wet_etch,1,0.2761904761904762,0.2761904761904762
mCF,BEOL,,V3,EUV2,PMD Cap Deposition,SiON,Deposition,Deposition,1,1.094444444444444,1.094444444444444
mCF,BEOL,,V3,EUV2,CSOH Coat,CSOH,Wet Etch,Wet_etch,1,0.2761904761904762,0.2761904761904762
mCF,BEOL,,V3,EUV2,Oxide HM Deposition,SiO,Deposition,Deposition,1,1.094444444444444,1.094444444444444
mCF,BEOL,,V3,EUV2,SiN HM Deposition,SiN,Deposition,Deposition,1,1.094444444444444,1.094444444444444
mCF,BEOL,,V3,EUV2,CSOH Coat,CSOH,Wet Etch,Wet_etch,1,0.2761904761904762,0.2761904761904762
mCF,BEOL,,V3,EUV2,SiON Deposition,SiON,Deposition,Deposition,1,1.094444444444444,1.094444444444444
mCF,BEOL,,V3,EUV2,Pre-Litho Clean,DIW,Wet Etch,Wet_etch,1,0.2761904761904762,0.2761904761904762
mCF,BEOL,,V3,EUV2,VC Lithography,BARC/CAR Resist,EUV,EUV,1,3.25,3.25
mCF,BEOL,,V3,EUV2,VC Color1 HM Etch,SiON/C/SiN(SiON)/C,Dry Etch,Dry_etch,1,1.333333333333333,1.333333333333333
mCF,BEOL,,V3,EUV2,Post-Etch Clean,DSP,Wet Etch,Wet_etch,1,0.2761904761904762,0.2761904761904762
mCF,BEOL,,V3,EUV2,CSOH Coat,CSOH,Wet Etch,Wet_etch,1,0.2761904761904762,0.2761904761904762
mCF,BEOL,,V3,EUV2,SiON Deposition,SiON,Deposition,Deposition,1,1.094444444444444,1.094444444444444
mCF,BEOL,,V3,EUV2,Pre-Litho Clean,DIW,Wet Etch,Wet_etch,1,0.2761904761904762,0.2761904761904762
mCF,BEOL,,V3,EUV2,VC Lithography,BARC/CAR Resist,EUV,EUV,1,3.25,3.25
mCF,BEOL,,V3,EUV2,VC Color2 HM Etch,SiON/C/SiN(SiON)/C,Dry Etch,Dry_etch,1,1.333333333333333,1.333333333333333
mCF,BEOL,,V3,EUV2,Post-Etch Clean,DSP,Wet Etch,Wet_etch,1,0.2761904761904762,0.2761904761904762
mCF,BEOL,,V3,EUV2,VC Trench Etch,AlO/SiN/AlO/SiON/ULK/SiN,Dry Etch,Dry_etch,1,1.333333333333333,1.333333333333333
mCF,BEOL,,V3,EUV2,Via-Etch Post Clean,DSP,Wet Etch,Wet_etch,1,0.2761904761904762,0.2761904761904762
mCF,BEOL,,V3,EUV2,VC Barrier and Fill Deposition,WC/FFW,Dry Etch,Dry_etch,1,1.333333333333333,1.333333333333333
mCF,BEOL,,V3,EUV2,VC Metallization CMP,W/WC/SiON,Wet Etch,Wet_etch,1,0.2761904761904762,0.2761904761904762
mCF,BEOL,42,M4,ArFi SADP,ESL Cap Deposition,AlN/SiOC/SiO,Deposition,Deposition,1,1.094444444444444,1.094444444444444
mCF,BEOL,42,M4,ArFi SADP,ILD Deposition,SiCOH,Deposition,Deposition,1,1.094444444444444,1.094444444444444
mCF,BEOL,42,M4,ArFi SADP,ULK UV Cure,UV,Deposition,Deposition,1,1.094444444444444,1.094444444444444
mCF,BEOL,42,M4,ArFi SADP,Post Clean Aerosol Spray,DIW,Wet Etch,Wet_etch,1,0.2761904761904762,0.2761904761904762
mCF,BEOL,42,M4,ArFi SADP,ILD Cap Deposition,SiON,Deposition,Deposition,1,1.094444444444444,1.094444444444444
mCF,BEOL,42,M4,ArFi SADP,TiN HM Deposition,TiN,Deposition,Deposition,1,1.094444444444444,1.094444444444444
mCF,BEOL,42,M4,ArFi SADP,TiN HM Clean,DIW,Wet Etch,Wet_etch,1,0.2761904761904762,0.2761904761904762
mCF,BEOL,42,M4,ArFi SADP,TiN HM Cap,SiON,Deposition,Deposition,1,1.094444444444444,1.094444444444444
mCF,BEOL,42,M4,ArFi SADP,a-Si Mandrel Deposition,,Deposition,Deposition,1,1.094444444444444,1.094444444444444
mCF,BEOL,42,M4,ArFi SADP,CSOH Coat,CSOH,Wet Etch,Wet_etch,1,0.2761904761904762,0.2761904761904762
mCF,BEOL,42,M4,ArFi SADP,SiON Deposition,SiON,Deposition,Deposition,1,1.094444444444444,1.094444444444444
mCF,BEOL,42,M4,ArFi SADP,Pre-Litho Clean,DIW,Wet Etch,Wet_etch,1,0.2761904761904762,0.2761904761904762
mCF,BEOL,42,M4,ArFi SADP,M4 Lithography,BARC/Resist,ARFI,ArFi_LE,1,0.3611111111111111,0.3611111111111111
mCF,BEOL,42,M4,ArFi SADP,LER Implant,40AR+,Dry Etch,Dry_etch,1,1.333333333333333,1.333333333333333
mCF,BEOL,42,M4,ArFi SADP,Gate Mandrel Etch,SiON/C/a-Si(SiON)/C,Dry Etch,Dry_etch,1,1.333333333333333,1.333333333333333
mCF,BEOL,42,M4,ArFi SADP,Post-Etch Clean,SPM/APM,Wet Etch,Wet_etch,1,0.2761904761904762,0.2761904761904762
mCF,BEOL,42,M4,ArFi SADP,SADP Spacer Deposition,SiO,Dry Etch,Dry_etch,1,1.333333333333333,1.333333333333333
mCF,BEOL,42,M4,ArFi SADP,SADP Spacer Etch,SiO/a-Si,Dry Etch,Dry_etch,1,1.333333333333333,1.333333333333333
mCF,BEOL,42,M4,ArFi SADP,Post-Etch Clean,SPM/APM,Wet Etch,Wet_etch,1,0.2761904761904762,0.2761904761904762
mCF,BEOL,42,M4,ArFi SADP,SiSOH/CSOH Coat,SiSOH/CSOH,Wet Etch,Wet_etch,1,0.2761904761904762,0.2761904761904762
mCF,BEOL,42,M4,ArFi SADP,Pre-Litho Clean,DIW,Wet Etch,Wet_etch,1,0.2761904761904762,0.2761904761904762
mCF,BEOL,42,M4,ArFi SADP,Big Gate Lithography,Resist,ARFI,ArFi_LE,1,0.3611111111111111,0.3611111111111111
mCF,BEOL,42,M4,ArFi SADP,M4 HM Open Etch,C/SiSOH/SiN/C,Dry Etch,Dry_etch,1,1.333333333333333,1.333333333333333
mCF,BEOL,42,M4,ArFi SADP,BEOL Post-Etch Clean,SPM/APM,Wet Etch,Wet_etch,1,0.2761904761904762,0.2761904761904762
mCF,BEOL,42,M4,ArFi SADP,Barrier/Seed Deposition,TaN/Ta/Co/Cu,Metallization,Metallization,1,2.0,2.0
mCF,BEOL,42,M4,ArFi SADP,Cu Plate,Cu,Metallization,Metallization,1,2.0,2.0
mCF,BEOL,42,M4,ArFi SADP,Cu Anneal,N2,Dry Etch,Dry_etch,1,1.333333333333333,1.333333333333333
mCF,BEOL,42,M4,ArFi SADP,Cu CMP,Cu/Co/Ta/TaN/TiN/SiON,Wet Etch,Wet_etch,1,0.2761904761904762,0.2761904761904762
mCF,BEOL,42,M4,ArFi SADP,CVD Co Cap Deposition,Co,Deposition,Deposition,1,1.094444444444444,1.094444444444444
mCF,BEOL,,V4,ArFi LE4,CSOH Coat,CSOH,Wet Etch,Wet_etch,1,0.2761904761904762,0.2761904761904762
mCF,BEOL,,V4,ArFi LE4,SiON Deposition,SiON,Deposition,Deposition,1,1.094444444444444,1.094444444444444
mCF,BEOL,,V4,ArFi LE4,Pre-Litho Clean,DIW,Wet Etch,Wet_etch,1,0.2761904761904762,0.2761904761904762
mCF,BEOL,,V4,ArFi LE4,V9 Lithography,BARC/Resist,ARFI,ArFi_LE,1,0.3611111111111111,0.3611111111111111
mCF,BEOL,,V4,ArFi LE4,V9 Integrated Etch,SiON/C/SiON/ILD/C/ SiON/ILD/SiCN,Dry Etch,Dry_etch,1,1.333333333333333,1.333333333333333
mCF,BEOL,,V4,ArFi LE4,BEOL Post-Etch Clean,udHF/Solvent,Wet Etch,Wet_etch,1,0.2761904761904762,0.2761904761904762
mCF,BEOL,,V4,ArFi LE4,CSOH Coat,CSOH,Wet Etch,Wet_etch,1,0.2761904761904762,0.2761904761904762
mCF,BEOL,,V4,ArFi LE4,SiON Deposition,SiON,Deposition,Deposition,1,1.094444444444444,1.094444444444444
mCF,BEOL,,V4,ArFi LE4,Pre-Litho Clean,DIW,Wet Etch,Wet_etch,1,0.2761904761904762,0.2761904761904762
mCF,BEOL,,V4,ArFi LE4,V9 Lithography,BARC/Resist,ARFI,ArFi_LE,1,0.3611111111111111,0.3611111111111111
mCF,BEOL,,V4,ArFi LE4,V9 Integrated Etch,SiON/C/SiON/ILD/C/ SiON/ILD/SiCN,Dry Etch,Dry_etch,1,1.333333333333333,1.333333333333333
mCF,BEOL,,V4,ArFi LE4,BEOL Post-Etch Clean,udHF/Solvent,Wet Etch,Wet_etch,1,0.2761904761904762,0.2761904761904762
mCF,BEOL,,V4,ArFi LE4,CSOH Coat,CSOH,Wet Etch,Wet_etch,1,0.2761904761904762,0.2761904761904762
mCF,BEOL,,V4,ArFi LE4,SiON Deposition,SiON,Deposition,Deposition,1,1.094444444444444,1.094444444444444
mCF,BEOL,,V4,ArFi LE4,Pre-Litho Clean,DIW,Wet Etch,Wet_etch,1,0.2761904761904762,0.2761904761904762
mCF,BEOL,,V4,ArFi LE4,V9 Lithography,BARC/Resist,ARFI,ArFi_LE,1,0.3611111111111111,0.3611111111111111
mCF,BEOL,,V4,ArFi LE4,V9 Integrated Etch,SiON/C/SiON/ILD/C/ SiON/ILD/SiCN,Dry Etch,Dry_etch,1,1.333333333333333,1.333333333333333
mCF,BEOL,,V4,ArFi LE4,BEOL Post-Etch Clean,udHF/Solvent,Wet Etch,Wet_etch,1,0.2761904761904762,0.2761904761904762
mCF,BEOL,,V4,ArFi LE4,CSOH Coat,CSOH,Wet Etch,Wet_etch,1,0.2761904761904762,0.2761904761904762
mCF,BEOL,,V4,ArFi LE4,SiON Deposition,SiON,Deposition,Deposition,1,1.094444444444444,1.094444444444444
mCF,BEOL,,V4,ArFi LE4,Pre-Litho Clean,DIW,Wet Etch,Wet_etch,1,0.2761904761904762,0.2761904761904762
mCF,BEOL,,V4,ArFi LE4,V9 Lithography,BARC/Resist,ARFI,ArFi_LE,1,0.3611111111111111,0.3611111111111111
mCF,BEOL,,V4,ArFi LE4,V9 Integrated Etch,SiON/C/SiON/ILD/C/ SiON/ILD/SiCN,Dry Etch,Dry_etch,1,1.333333333333333,1.333333333333333
mCF,BEOL,,V4,ArFi LE4,BEOL Post-Etch Clean,udHF/Solvent,Wet Etch,Wet_etch,1,0.2761904761904762,0.2761904761904762
mCF,BEOL,42,M5,ArFi SADP,ESL Cap Deposition,AlN/SiOC/SiO,Deposition,Deposition,1,1.094444444444444,1.094444444444444
mCF,BEOL,42,M5,ArFi SADP,ILD Deposition,SiCOH,Deposition,Deposition,1,1.094444444444444,1.094444444444444
mCF,BEOL,42,M5,ArFi SADP,ULK UV Cure,UV,Deposition,Deposition,1,1.094444444444444,1.094444444444444
mCF,BEOL,42,M5,ArFi SADP,Post Clean Aerosol Spray,DIW,Wet Etch,Wet_etch,1,0.2761904761904762,0.2761904761904762
mCF,BEOL,42,M5,ArFi SADP,ILD Cap Deposition,SiON,Deposition,Deposition,1,1.094444444444444,1.094444444444444
mCF,BEOL,42,M5,ArFi SADP,TiN HM Deposition,TiN,Deposition,Deposition,1,1.094444444444444,1.094444444444444
mCF,BEOL,42,M5,ArFi SADP,TiN HM Clean,DIW,Wet Etch,Wet_etch,1,0.2761904761904762,0.2761904761904762
mCF,BEOL,42,M5,ArFi SADP,TiN HM Cap,SiON,Deposition,Deposition,1,1.094444444444444,1.094444444444444
mCF,BEOL,42,M5,ArFi SADP,a-Si Mandrel Deposition,,Deposition,Deposition,1,1.094444444444444,1.094444444444444
mCF,BEOL,42,M5,ArFi SADP,CSOH Coat,CSOH,Wet Etch,Wet_etch,1,0.2761904761904762,0.2761904761904762
mCF,BEOL,42,M5,ArFi SADP,SiON Deposition,SiON,Deposition,Deposition,1,1.094444444444444,1.094444444444444
mCF,BEOL,42,M5,ArFi SADP,Pre-Litho Clean,DIW,Wet Etch,Wet_etch,1,0.2761904761904762,0.2761904761904762
mCF,BEOL,42,M5,ArFi SADP,M4 Lithography,BARC/Resist,ARFI,ArFi_LE,1,0.3611111111111111,0.3611111111111111
mCF,BEOL,42,M5,ArFi SADP,LER Implant,40AR+,Dry Etch,Dry_etch,1,1.333333333333333,1.333333333333333
mCF,BEOL,42,M5,ArFi SADP,Gate Mandrel Etch,SiON/C/a-Si(SiON)/C,Dry Etch,Dry_etch,1,1.333333333333333,1.333333333333333
mCF,BEOL,42,M5,ArFi SADP,Post-Etch Clean,SPM/APM,Wet Etch,Wet_etch,1,0.2761904761904762,0.2761904761904762
mCF,BEOL,42,M5,ArFi SADP,SADP Spacer Deposition,SiO,Dry Etch,Dry_etch,1,1.333333333333333,1.333333333333333
mCF,BEOL,42,M5,ArFi SADP,SADP Spacer Etch,SiO/a-Si,Dry Etch,Dry_etch,1,1.333333333333333,1.333333333333333
mCF,BEOL,42,M5,ArFi SADP,Post-Etch Clean,SPM/APM,Wet Etch,Wet_etch,1,0.2761904761904762,0.2761904761904762
mCF,BEOL,42,M5,ArFi SADP,SiSOH/CSOH Coat,SiSOH/CSOH,Wet Etch,Wet_etch,1,0.2761904761904762,0.2761904761904762
mCF,BEOL,42,M5,ArFi SADP,Pre-Litho Clean,DIW,Wet Etch,Wet_etch,1,0.2761904761904762,0.2761904761904762
mCF,BEOL,42,M5,ArFi SADP,Big Gate Lithography,Resist,ARFI,ArFi_LE,1,0.3611111111111111,0.3611111111111111
mCF,BEOL,42,M5,ArFi SADP,M4 HM Open Etch,C/SiSOH/SiN/C,Dry Etch,Dry_etch,1,1.333333333333333,1.333333333333333
mCF,BEOL,42,M5,ArFi SADP,BEOL Post-Etch Clean,SPM/APM,Wet Etch,Wet_etch,1,0.2761904761904762,0.2761904761904762
mCF,BEOL,42,M5,ArFi SADP,Barrier/Seed Deposition,TaN/Ta/Co/Cu,Metallization,Metallization,1,2.0,2.0
mCF,BEOL,42,M5,ArFi SADP,Cu Plate,Cu,Metallization,Metallization,1,2.0,2.0
mCF,BEOL,42,M5,ArFi SADP,Cu Anneal,N2,Dry Etch,Dry_etch,1,1.333333333333333,1.333333333333333
mCF,BEOL,42,M5,ArFi SADP,Cu CMP,Cu/Co/Ta/TaN/TiN/SiON,Wet Etch,Wet_etch,1,0.2761904761904762,0.2761904761904762
mCF,BEOL,42,M5,ArFi SADP,CVD Co Cap Deposition,Co,Deposition,Deposition,1,1.094444444444444,1.094444444444444
mCF,BEOL,,V5,ArFi LE4,CSOH Coat,CSOH,Wet Etch,Wet_etch,1,0.2761904761904762,0.2761904761904762
mCF,BEOL,,V5,ArFi LE4,SiON Deposition,SiON,Deposition,Deposition,1,1.094444444444444,1.094444444444444
mCF,BEOL,,V5,ArFi LE4,Pre-Litho Clean,DIW,Wet Etch,Wet_etch,1,0.2761904761904762,0.2761904761904762
mCF,BEOL,,V5,ArFi LE4,V9 Lithography,BARC/Resist,ARFI,ArFi_LE,1,0.3611111111111111,0.3611111111111111
mCF,BEOL,,V5,ArFi LE4,V9 Integrated Etch,SiON/C/SiON/ILD/C/ SiON/ILD/SiCN,Dry Etch,Dry_etch,1,1.333333333333333,1.333333333333333
mCF,BEOL,,V5,ArFi LE4,BEOL Post-Etch Clean,udHF/Solvent,Wet Etch,Wet_etch,1,0.2761904761904762,0.2761904761904762
mCF,BEOL,,V5,ArFi LE4,CSOH Coat,CSOH,Wet Etch,Wet_etch,1,0.2761904761904762,0.2761904761904762
mCF,BEOL,,V5,ArFi LE4,SiON Deposition,SiON,Deposition,Deposition,1,1.094444444444444,1.094444444444444
mCF,BEOL,,V5,ArFi LE4,Pre-Litho Clean,DIW,Wet Etch,Wet_etch,1,0.2761904761904762,0.2761904761904762
mCF,BEOL,,V5,ArFi LE4,V9 Lithography,BARC/Resist,ARFI,ArFi_LE,1,0.3611111111111111,0.3611111111111111
mCF,BEOL,,V5,ArFi LE4,V9 Integrated Etch,SiON/C/SiON/ILD/C/ SiON/ILD/SiCN,Dry Etch,Dry_etch,1,1.333333333333333,1.333333333333333
mCF,BEOL,,V5,ArFi LE4,BEOL Post-Etch Clean,udHF/Solvent,Wet Etch,Wet_etch,1,0.2761904761904762,0.2761904761904762
mCF,BEOL,,V5,ArFi LE4,CSOH Coat,CSOH,Wet Etch,Wet_etch,1,0.2761904761904762,0.2761904761904762
mCF,BEOL,,V5,ArFi LE4,SiON Deposition,SiON,Deposition,Deposition,1,1.094444444444444,1.094444444444444
mCF,BEOL,,V5,ArFi LE4,Pre-Litho Clean,DIW,Wet Etch,Wet_etch,1,0.2761904761904762,0.2761904761904762
mCF,BEOL,,V5,ArFi LE4,V9 Lithography,BARC/Resist,ARFI,ArFi_LE,1,0.3611111111111111,0.3611111111111111
mCF,BEOL,,V5,ArFi LE4,V9 Integrated Etch,SiON/C/SiON/ILD/C/ SiON/ILD/SiCN,Dry Etch,Dry_etch,1,1.333333333333333,1.333333333333333
mCF,BEOL,,V5,ArFi LE4,BEOL Post-Etch Clean,udHF/Solvent,Wet Etch,Wet_etch,1,0.2761904761904762,0.2761904761904762
mCF,BEOL,,V5,ArFi LE4,CSOH Coat,CSOH,Wet Etch,Wet_etch,1,0.2761904761904762,0.2761904761904762
mCF,BEOL,,V5,ArFi LE4,SiON Deposition,SiON,Deposition,Deposition,1,1.094444444444444,1.094444444444444
mCF,BEOL,,V5,ArFi LE4,Pre-Litho Clean,DIW,Wet Etch,Wet_etch,1,0.2761904761904762,0.2761904761904762
mCF,BEOL,,V5,ArFi LE4,V9 Lithography,BARC/Resist,ARFI,ArFi_LE,1,0.3611111111111111,0.3611111111111111
mCF,BEOL,,V5,ArFi LE4,V9 Integrated Etch,SiON/C/SiON/ILD/C/ SiON/ILD/SiCN,Dry Etch,Dry_etch,1,1.333333333333333,1.333333333333333
mCF,BEOL,,V5,ArFi LE4,BEOL Post-Etch Clean,udHF/Solvent,Wet Etch,Wet_etch,1,0.2761904761904762,0.2761904761904762
mCF,BEOL,76,M6,ArFi SADP,ESL Cap Deposition,AlN/SiOC/SiO,Deposition,Deposition,1,1.094444444444444,1.094444444444444
mCF,BEOL,76,M6,ArFi SADP,ILD Deposition,SiCOH,Deposition,Deposition,1,1.094444444444444,1.094444444444444
mCF,BEOL,76,M6,ArFi SADP,ULK UV Cure,UV,Deposition,Deposition,1,1.094444444444444,1.094444444444444
mCF,BEOL,76,M6,ArFi SADP,Post Clean Aerosol Spray,DIW,Wet Etch,Wet_etch,1,0.2761904761904762,0.2761904761904762
mCF,BEOL,76,M6,ArFi SADP,ILD Cap Deposition,SiON,Deposition,Deposition,1,1.094444444444444,1.094444444444444
mCF,BEOL,76,M6,ArFi SADP,TiN HM Deposition,TiN,Deposition,Deposition,1,1.094444444444444,1.094444444444444
mCF,BEOL,76,M6,ArFi SADP,TiN HM Clean,DIW,Wet Etch,Wet_etch,1,0.2761904761904762,0.2761904761904762
mCF,BEOL,76,M6,ArFi SADP,TiN HM Cap,SiON,Deposition,Deposition,1,1.094444444444444,1.094444444444444
mCF,BEOL,76,M6,ArFi SADP,a-Si Mandrel Deposition,,Deposition,Deposition,1,1.094444444444444,1.094444444444444
mCF,BEOL,76,M6,ArFi SADP,CSOH Coat,CSOH,Wet Etch,Wet_etch,1,0.2761904761904762,0.2761904761904762
mCF,BEOL,76,M6,ArFi SADP,SiON Deposition,SiON,Deposition,Deposition,1,1.094444444444444,1.094444444444444
mCF,BEOL,76,M6,ArFi SADP,Pre-Litho Clean,DIW,Wet Etch,Wet_etch,1,0.2761904761904762,0.2761904761904762
mCF,BEOL,76,M6,ArFi SADP,M4 Lithography,BARC/Resist,ARFI,ArFi_LE,1,0.3611111111111111,0.3611111111111111
mCF,BEOL,76,M6,ArFi SADP,LER Implant,40AR+,Dry Etch,Dry_etch,1,1.333333333333333,1.333333333333333
mCF,BEOL,76,M6,ArFi SADP,Gate Mandrel Etch,SiON/C/a-Si(SiON)/C,Dry Etch,Dry_etch,1,1.333333333333333,1.333333333333333
mCF,BEOL,76,M6,ArFi SADP,Post-Etch Clean,SPM/APM,Wet Etch,Wet_etch,1,0.2761904761904762,0.2761904761904762
mCF,BEOL,76,M6,ArFi SADP,SADP Spacer Deposition,SiO,Dry Etch,Dry_etch,1,1.333333333333333,1.333333333333333
mCF,BEOL,76,M6,ArFi SADP,SADP Spacer Etch,SiO/a-Si,Dry Etch,Dry_etch,1,1.333333333333333,1.333333333333333
mCF,BEOL,76,M6,ArFi SADP,Post-Etch Clean,SPM/APM,Wet Etch,Wet_etch,1,0.2761904761904762,0.2761904761904762
mCF,BEOL,76,M6,ArFi SADP,SiSOH/CSOH Coat,SiSOH/CSOH,Wet Etch,Wet_etch,1,0.2761904761904762,0.2761904761904762
mCF,BEOL,76,M6,ArFi SADP,Pre-Litho Clean,DIW,Wet Etch,Wet_etch,1,0.2761904761904762,0.2761904761904762
mCF,BEOL,76,M6,ArFi SADP,Big Gate Lithography,Resist,ARFI,ArFi_LE,1,0.3611111111111111,0.3611111111111111
mCF,BEOL,76,M6,ArFi SADP,M4 HM Open Etch,C/SiSOH/SiN/C,Dry Etch,Dry_etch,1,1.333333333333333,1.333333333333333
mCF,BEOL,76,M6,ArFi SADP,BEOL Post-Etch Clean,SPM/APM,Wet Etch,Wet_etch,1,0.2761904761904762,0.2761904761904762
mCF,BEOL,76,M6,ArFi SADP,Barrier/Seed Deposition,TaN/Ta/Co/Cu,Metallization,Metallization,1,2.0,2.0
mCF,BEOL,76,M6,ArFi SADP,Cu Plate,Cu,Metallization,Metallization,1,2.0,2.0
mCF,BEOL,76,M6,ArFi SADP,Cu Anneal,N2,Dry Etch,Dry_etch,1,1.333333333333333,1.333333333333333
mCF,BEOL,76,M6,ArFi SADP,Cu CMP,Cu/Co/Ta/TaN/TiN/SiON,Wet Etch,Wet_etch,1,0.2761904761904762,0.2761904761904762
mCF,BEOL,76,M6,ArFi SADP,CVD Co Cap Deposition,Co,Deposition,Deposition,1,1.094444444444444,1.094444444444444
mCF,BEOL,,V6,ArFi LE2,CSOH Coat,CSOH,Wet Etch,Wet_etch,1,0.2761904761904762,0.2761904761904762
mCF,BEOL,,V6,ArFi LE2,SiON Deposition,SiON,Deposition,Deposition,1,1.094444444444444,1.094444444444444
mCF,BEOL,,V6,ArFi LE2,Pre-Litho Clean,DIW,Wet Etch,Wet_etch,1,0.2761904761904762,0.2761904761904762
mCF,BEOL,,V6,ArFi LE2,V6 Lithography,BARC/Resist,ARFI,ArFi_LE,1,0.3611111111111111,0.3611111111111111
mCF,BEOL,,V6,ArFi LE2,V6 Integrated Etch,SiON/C/SiON/ILD/C/ SiON/ILD/SiCN,Dry Etch,Dry_etch,1,1.333333333333333,1.333333333333333
mCF,BEOL,,V6,ArFi LE2,BEOL Post-Etch Clean,udHF/Solvent,Wet Etch,Wet_etch,1,0.2761904761904762,0.2761904761904762
mCF,BEOL,,V6,ArFi LE2,Barrier/Seed Deposition,TaN/Ta/Cu,Metallization,Metallization,1,2.0,2.0
mCF,BEOL,,V6,ArFi LE2,Cu Plate,Cu,Metallization,Metallization,1,2.0,2.0
mCF,BEOL,,V6,ArFi LE2,Cu Anneal,N2,Dry Etch,Dry_etch,1,1.333333333333333,1.333333333333333
mCF,BEOL,,V6,ArFi LE2,Cu CMP,Cu/Ta/TaN/TiN/SiON,Wet Etch,Wet_etch,1,0.2761904761904762,0.2761904761904762
mCF,BEOL,,V6,ArFi LE2,CSOH Coat,CSOH,Wet Etch,Wet_etch,1,0.2761904761904762,0.2761904761904762
mCF,BEOL,,V6,ArFi LE2,SiON Deposition,SiON,Deposition,Deposition,1,1.094444444444444,1.094444444444444
mCF,BEOL,,V6,ArFi LE2,Pre-Litho Clean,DIW,Wet Etch,Wet_etch,1,0.2761904761904762,0.2761904761904762
mCF,BEOL,,V6,ArFi LE2,V6 Lithography,BARC/Resist,ARFI,ArFi_LE,1,0.3611111111111111,0.3611111111111111
mCF,BEOL,,V6,ArFi LE2,V6 Integrated Etch,SiON/C/SiON/ILD/C/ SiON/ILD/SiCN,Dry Etch,Dry_etch,1,1.333333333333333,1.333333333333333
mCF,BEOL,,V6,ArFi LE2,BEOL Post-Etch Clean,udHF/Solvent,Wet Etch,Wet_etch,1,0.2761904761904762,0.2761904761904762
mCF,BEOL,76,M7,ArFi SADP,ESL Cap Deposition,AlN/SiOC/SiO,Deposition,Deposition,1,1.094444444444444,1.094444444444444
mCF,BEOL,76,M7,ArFi SADP,ILD Deposition,SiCOH,Deposition,Deposition,1,1.094444444444444,1.094444444444444
mCF,BEOL,76,M7,ArFi SADP,ULK UV Cure,UV,Deposition,Deposition,1,1.094444444444444,1.094444444444444
mCF,BEOL,76,M7,ArFi SADP,Post Clean Aerosol Spray,DIW,Wet Etch,Wet_etch,1,0.2761904761904762,0.2761904761904762
mCF,BEOL,76,M7,ArFi SADP,ILD Cap Deposition,SiON,Deposition,Deposition,1,1.094444444444444,1.094444444444444
mCF,BEOL,76,M7,ArFi SADP,TiN HM Deposition,TiN,Deposition,Deposition,1,1.094444444444444,1.094444444444444
mCF,BEOL,76,M7,ArFi SADP,TiN HM Clean,DIW,Wet Etch,Wet_etch,1,0.2761904761904762,0.2761904761904762
mCF,BEOL,76,M7,ArFi SADP,TiN HM Cap,SiON,Deposition,Deposition,1,1.094444444444444,1.094444444444444
mCF,BEOL,76,M7,ArFi SADP,a-Si Mandrel Deposition,,Deposition,Deposition,1,1.094444444444444,1.094444444444444
mCF,BEOL,76,M7,ArFi SADP,CSOH Coat,CSOH,Wet Etch,Wet_etch,1,0.2761904761904762,0.2761904761904762
mCF,BEOL,76,M7,ArFi SADP,SiON Deposition,SiON,Deposition,Deposition,1,1.094444444444444,1.094444444444444
mCF,BEOL,76,M7,ArFi SADP,Pre-Litho Clean,DIW,Wet Etch,Wet_etch,1,0.2761904761904762,0.2761904761904762
mCF,BEOL,76,M7,ArFi SADP,M4 Lithography,BARC/Resist,ARFI,ArFi_LE,1,0.3611111111111111,0.3611111111111111
mCF,BEOL,76,M7,ArFi SADP,LER Implant,40AR+,Dry Etch,Dry_etch,1,1.333333333333333,1.333333333333333
mCF,BEOL,76,M7,ArFi SADP,Gate Mandrel Etch,SiON/C/a-Si(SiON)/C,Dry Etch,Dry_etch,1,1.333333333333333,1.333333333333333
mCF,BEOL,76,M7,ArFi SADP,Post-Etch Clean,SPM/APM,Wet Etch,Wet_etch,1,0.2761904761904762,0.2761904761904762
mCF,BEOL,76,M7,ArFi SADP,SADP Spacer Deposition,SiO,Dry Etch,Dry_etch,1,1.333333333333333,1.333333333333333
mCF,BEOL,76,M7,ArFi SADP,SADP Spacer Etch,SiO/a-Si,Dry Etch,Dry_etch,1,1.333333333333333,1.333333333333333
mCF,BEOL,76,M7,ArFi SADP,Post-Etch Clean,SPM/APM,Wet Etch,Wet_etch,1,0.2761904761904762,0.2761904761904762
mCF,BEOL,76,M7,ArFi SADP,SiSOH/CSOH Coat,SiSOH/CSOH,Wet Etch,Wet_etch,1,0.2761904761904762,0.2761904761904762
mCF,BEOL,76,M7,ArFi SADP,Pre-Litho Clean,DIW,Wet Etch,Wet_etch,1,0.2761904761904762,0.2761904761904762
mCF,BEOL,76,M7,ArFi SADP,Big Gate Lithography,Resist,ARFI,ArFi_LE,1,0.3611111111111111,0.3611111111111111
mCF,BEOL,76,M7,ArFi SADP,M4 HM Open Etch,C/SiSOH/SiN/C,Dry Etch,Dry_etch,1,1.333333333333333,1.333333333333333
mCF,BEOL,76,M7,ArFi SADP,BEOL Post-Etch Clean,SPM/APM,Wet Etch,Wet_etch,1,0.2761904761904762,0.2761904761904762
mCF,BEOL,76,M7,ArFi SADP,Barrier/Seed Deposition,TaN/Ta/Co/Cu,Metallization,Metallization,1,2.0,2.0
mCF,BEOL,76,M7,ArFi SADP,Cu Plate,Cu,Metallization,Metallization,1,2.0,2.0
mCF,BEOL,76,M7,ArFi SADP,Cu Anneal,N2,Dry Etch,Dry_etch,1,1.333333333333333,1.333333333333333
mCF,BEOL,76,M7,ArFi SADP,Cu CMP,Cu/Co/Ta/TaN/TiN/SiON,Wet Etch,Wet_etch,1,0.2761904761904762,0.2761904761904762
mCF,BEOL,76,M7,ArFi SADP,CVD Co Cap Deposition,Co,Deposition,Deposition,1,1.094444444444444,1.094444444444444
mCF,BEOL,,V7,ArFi LE2,CSOH Coat,CSOH,Wet Etch,Wet_etch,1,0.2761904761904762,0.2761904761904762
mCF,BEOL,,V7,ArFi LE2,SiON Deposition,SiON,Deposition,Deposition,1,1.094444444444444,1.094444444444444
mCF,BEOL,,V7,ArFi LE2,Pre-Litho Clean,DIW,Wet Etch,Wet_etch,1,0.2761904761904762,0.2761904761904762
mCF,BEOL,,V7,ArFi LE2,V6 Lithography,BARC/Resist,ARFI,ArFi_LE,1,0.3611111111111111,0.3611111111111111
mCF,BEOL,,V7,ArFi LE2,V6 Integrated Etch,SiON/C/SiON/ILD/C/ SiON/ILD/SiCN,Dry Etch,Dry_etch,1,1.333333333333333,1.333333333333333
mCF,BEOL,,V7,ArFi LE2,BEOL Post-Etch Clean,udHF/Solvent,Wet Etch,Wet_etch,1,0.2761904761904762,0.2761904761904762
mCF,BEOL,,V7,ArFi LE2,Barrier/Seed Deposition,TaN/Ta/Cu,Metallization,Metallization,1,2.0,2.0
mCF,BEOL,,V7,ArFi LE2,Cu Plate,Cu,Metallization,Metallization,1,2.0,2.0
mCF,BEOL,,V7,ArFi LE2,Cu Anneal,N2,Dry Etch,Dry_etch,1,1.333333333333333,1.333333333333333
mCF,BEOL,,V7,ArFi LE2,Cu CMP,Cu/Ta/TaN/TiN/SiON,Wet Etch,Wet_etch,1,0.2761904761904762,0.2761904761904762
mCF,BEOL,,V7,ArFi LE2,CSOH Coat,CSOH,Wet Etch,Wet_etch,1,0.2761904761904762,0.2761904761904762
mCF,BEOL,,V7,ArFi LE2,SiON Deposition,SiON,Deposition,Deposition,1,1.094444444444444,1.094444444444444
mCF,BEOL,,V7,ArFi LE2,Pre-Litho Clean,DIW,Wet Etch,Wet_etch,1,0.2761904761904762,0.2761904761904762
mCF,BEOL,,V7,ArFi LE2,V6 Lithography,BARC/Resist,ARFI,ArFi_LE,1,0.3611111111111111,0.3611111111111111
mCF,BEOL,,V7,ArFi LE2,V6 Integrated Etch,SiON/C/SiON/ILD/C/ SiON/ILD/SiCN,Dry Etch,Dry_etch,1,1.333333333333333,1.333333333333333
mCF,BEOL,,V7,ArFi LE2,BEOL Post-Etch Clean,udHF/Solvent,Wet Etch,Wet_etch,1,0.2761904761904762,0.2761904761904762
mCF,BEOL,76,M8,ArFi SADP,ESL Cap Deposition,AlN/SiOC/SiO,Deposition,Deposition,1,1.094444444444444,1.094444444444444
mCF,BEOL,76,M8,ArFi SADP,ILD Deposition,SiCOH,Deposition,Deposition,1,1.094444444444444,1.094444444444444
mCF,BEOL,76,M8,ArFi SADP,ULK UV Cure,UV,Deposition,Deposition,1,1.094444444444444,1.094444444444444
mCF,BEOL,76,M8,ArFi SADP,Post Clean Aerosol Spray,DIW,Wet Etch,Wet_etch,1,0.2761904761904762,0.2761904761904762
mCF,BEOL,76,M8,ArFi SADP,ILD Cap Deposition,SiON,Deposition,Deposition,1,1.094444444444444,1.094444444444444
mCF,BEOL,76,M8,ArFi SADP,TiN HM Deposition,TiN,Deposition,Deposition,1,1.094444444444444,1.094444444444444
mCF,BEOL,76,M8,ArFi SADP,TiN HM Clean,DIW,Wet Etch,Wet_etch,1,0.2761904761904762,0.2761904761904762
mCF,BEOL,76,M8,ArFi SADP,TiN HM Cap,SiON,Deposition,Deposition,1,1.094444444444444,1.094444444444444
mCF,BEOL,76,M8,ArFi SADP,a-Si Mandrel Deposition,,Deposition,Deposition,1,1.094444444444444,1.094444444444444
mCF,BEOL,76,M8,ArFi SADP,CSOH Coat,CSOH,Wet Etch,Wet_etch,1,0.2761904761904762,0.2761904761904762
mCF,BEOL,76,M8,ArFi SADP,SiON Deposition,SiON,Deposition,Deposition,1,1.094444444444444,1.094444444444444
mCF,BEOL,76,M8,ArFi SADP,Pre-Litho Clean,DIW,Wet Etch,Wet_etch,1,0.2761904761904762,0.2761904761904762
mCF,BEOL,76,M8,ArFi SADP,M4 Lithography,BARC/Resist,ARFI,ArFi_LE,1,0.3611111111111111,0.3611111111111111
mCF,BEOL,76,M8,ArFi SADP,LER Implant,40AR+,Dry Etch,Dry_etch,1,1.333333333333333,1.333333333333333
mCF,BEOL,76,M8,ArFi SADP,Gate Mandrel Etch,SiON/C/a-Si(SiON)/C,Dry Etch,Dry_etch,1,1.333333333333333,1.333333333333333
mCF,BEOL,76,M8,ArFi SADP,Post-Etch Clean,SPM/APM,Wet Etch,Wet_etch,1,0.2761904761904762,0.2761904761904762
mCF,BEOL,76,M8,ArFi SADP,SADP Spacer Deposition,SiO,Dry Etch,Dry_etch,1,1.333333333333333,1.333333333333333
mCF,BEOL,76,M8,ArFi SADP,SADP Spacer Etch,SiO/a-Si,Dry Etch,Dry_etch,1,1.333333333333333,1.333333333333333
mCF,BEOL,76,M8,ArFi SADP,Post-Etch Clean,SPM/APM,Wet Etch,Wet_etch,1,0.2761904761904762,0.2761904761904762
mCF,BEOL,76,M8,ArFi SADP,SiSOH/CSOH Coat,SiSOH/CSOH,Wet Etch,Wet_etch,1,0.2761904761904762,0.2761904761904762
mCF,BEOL,76,M8,ArFi SADP,Pre-Litho Clean,DIW,Wet Etch,Wet_etch,1,0.2761904761904762,0.2761904761904762
mCF,BEOL,76,M8,ArFi SADP,Big Gate Lithography,Resist,ARFI,ArFi_LE,1,0.3611111111111111,0.3611111111111111
mCF,BEOL,76,M8,ArFi SADP,M4 HM Open Etch,C/SiSOH/SiN/C,Dry Etch,Dry_etch,1,1.333333333333333,1.333333333333333
mCF,BEOL,76,M8,ArFi SADP,BEOL Post-Etch Clean,SPM/APM,Wet Etch,Wet_etch,1,0.2761904761904762,0.2761904761904762
mCF,BEOL,76,M8,ArFi SADP,Barrier/Seed Deposition,TaN/Ta/Co/Cu,Metallization,Metallization,1,2.0,2.0
mCF,BEOL,76,M8,ArFi SADP,Cu Plate,Cu,Metallization,Metallization,1,2.0,2.0
mCF,BEOL,76,M8,ArFi SADP,Cu Anneal,N2,Dry Etch,Dry_etch,1,1.333333333333333,1.333333333333333
mCF,BEOL,76,M8,ArFi SADP,Cu CMP,Cu/Co/Ta/TaN/TiN/SiON,Wet Etch,Wet_etch,1,0.2761904761904762,0.2761904761904762
mCF,BEOL,76,M8,ArFi SADP,CVD Co Cap Deposition,Co,Deposition,Deposition,1,1.094444444444444,1.094444444444444
mCF,BEOL,,V8,ArFi LE2,CSOH Coat,CSOH,Wet Etch,Wet_etch,1,0.2761904761904762,0.2761904761904762
mCF,BEOL,,V8,ArFi LE2,SiON Deposition,SiON,Deposition,Deposition,1,1.094444444444444,1.094444444444444
mCF,BEOL,,V8,ArFi LE2,Pre-Litho Clean,DIW,Wet Etch,Wet_etch,1,0.2761904761904762,0.2761904761904762
mCF,BEOL,,V8,ArFi LE2,V6 Lithography,BARC/Resist,ARFI,ArFi_LE,1,0.3611111111111111,0.3611111111111111
mCF,BEOL,,V8,ArFi LE2,V6 Integrated Etch,SiON/C/SiON/ILD/C/ SiON/ILD/SiCN,Dry Etch,Dry_etch,1,1.333333333333333,1.333333333333333
mCF,BEOL,,V8,ArFi LE2,BEOL Post-Etch Clean,udHF/Solvent,Wet Etch,Wet_etch,1,0.2761904761904762,0.2761904761904762
mCF,BEOL,,V8,ArFi LE2,Barrier/Seed Deposition,TaN/Ta/Cu,Metallization,Metallization,1,2.0,2.0
mCF,BEOL,,V8,ArFi LE2,Cu Plate,Cu,Metallization,Metallization,1,2.0,2.0
mCF,BEOL,,V8,ArFi LE2,Cu Anneal,N2,Dry Etch,Dry_etch,1,1.333333333333333,1.333333333333333
mCF,BEOL,,V8,ArFi LE2,Cu CMP,Cu/Ta/TaN/TiN/SiON,Wet Etch,Wet_etch,1,0.2761904761904762,0.2761904761904762
mCF,BEOL,,V8,ArFi LE2,CSOH Coat,CSOH,Wet Etch,Wet_etch,1,0.2761904761904762,0.2761904761904762
mCF,BEOL,,V8,ArFi LE2,SiON Deposition,SiON,Deposition,Deposition,1,1.094444444444444,1.094444444444444
mCF,BEOL,,V8,ArFi LE2,Pre-Litho Clean,DIW,Wet Etch,Wet_etch,1,0.2761904761904762,0.2761904761904762
mCF,BEOL,,V8,ArFi LE2,V6 Lithography,BARC/Resist,ARFI,ArFi_LE,1,0.3611111111111111,0.3611111111111111
mCF,BEOL,,V8,ArFi LE2,V6 Integrated Etch,SiON/C/SiON/ILD/C/ SiON/ILD/SiCN,Dry Etch,Dry_etch,1,1.333333333333333,1.333333333333333
mCF,BEOL,,V8,ArFi LE2,BEOL Post-Etch Clean,udHF/Solvent,Wet Etch,Wet_etch,1,0.2761904761904762,0.2761904761904762
mCF,BEOL,76,M9,ArFi SADP,ESL Cap Deposition,AlN/SiOC/SiO,Deposition,Deposition,1,1.094444444444444,1.094444444444444
mCF,BEOL,76,M9,ArFi SADP,ILD Deposition,SiCOH,Deposition,Deposition,1,1.094444444444444,1.094444444444444
mCF,BEOL,76,M9,ArFi SADP,ULK UV Cure,UV,Deposition,Deposition,1,1.094444444444444,1.094444444444444
mCF,BEOL,76,M9,ArFi SADP,Post Clean Aerosol Spray,DIW,Wet Etch,Wet_etch,1,0.2761904761904762,0.2761904761904762
mCF,BEOL,76,M9,ArFi SADP,ILD Cap Deposition,SiON,Deposition,Deposition,1,1.094444444444444,1.094444444444444
mCF,BEOL,76,M9,ArFi SADP,TiN HM Deposition,TiN,Deposition,Deposition,1,1.094444444444444,1.094444444444444
mCF,BEOL,76,M9,ArFi SADP,TiN HM Clean,DIW,Wet Etch,Wet_etch,1,0.2761904761904762,0.2761904761904762
mCF,BEOL,76,M9,ArFi SADP,TiN HM Cap,SiON,Deposition,Deposition,1,1.094444444444444,1.094444444444444
mCF,BEOL,76,M9,ArFi SADP,a-Si Mandrel Deposition,,Deposition,Deposition,1,1.094444444444444,1.094444444444444
mCF,BEOL,76,M9,ArFi SADP,CSOH Coat,CSOH,Wet Etch,Wet_etch,1,0.2761904761904762,0.2761904761904762
mCF,BEOL,76,M9,ArFi SADP,SiON Deposition,SiON,Deposition,Deposition,1,1.094444444444444,1.094444444444444
mCF,BEOL,76,M9,ArFi SADP,Pre-Litho Clean,DIW,Wet Etch,Wet_etch,1,0.2761904761904762,0.2761904761904762
mCF,BEOL,76,M9,ArFi SADP,M4 Lithography,BARC/Resist,ARFI,ArFi_LE,1,0.3611111111111111,0.3611111111111111
mCF,BEOL,76,M9,ArFi SADP,LER Implant,40AR+,Dry Etch,Dry_etch,1,1.333333333333333,1.333333333333333
mCF,BEOL,76,M9,ArFi SADP,Gate Mandrel Etch,SiON/C/a-Si(SiON)/C,Dry Etch,Dry_etch,1,1.333333333333333,1.333333333333333
mCF,BEOL,76,M9,ArFi SADP,Post-Etch Clean,SPM/APM,Wet Etch,Wet_etch,1,0.2761904761904762,0.2761904761904762
mCF,BEOL,76,M9,ArFi SADP,SADP Spacer Deposition,SiO,Dry Etch,Dry_etch,1,1.333333333333333,1.333333333333333
mCF,BEOL,76,M9,ArFi SADP,SADP Spacer Etch,SiO/a-Si,Dry Etch,Dry_etch,1,1.333333333333333,1.333333333333333
mCF,BEOL,76,M9,ArFi SADP,Post-Etch Clean,SPM/APM,Wet Etch,Wet_etch,1,0.2761904761904762,0.2761904761904762
mCF,BEOL,76,M9,ArFi SADP,SiSOH/CSOH Coat,SiSOH/CSOH,Wet Etch,Wet_etch,1,0.2761904761904762,0.2761904761904762
mCF,BEOL,76,M9,ArFi SADP,Pre-Litho Clean,DIW,Wet Etch,Wet_etch,1,0.2761904761904762,0.2761904761904762
mCF,BEOL,76,M9,ArFi SADP,Big Gate Lithography,Resist,ARFI,ArFi_LE,1,0.3611111111111111,0.3611111111111111
mCF,BEOL,76,M9,ArFi SADP,M4 HM Open Etch,C/SiSOH/SiN/C,Dry Etch,Dry_etch,1,1.333333333333333,1.333333333333333
mCF,BEOL,76,M9,ArFi SADP,BEOL Post-Etch Clean,SPM/APM,Wet Etch,Wet_etch,1,0.2761904761904762,0.2761904761904762
mCF,BEOL,76,M9,ArFi SADP,Barrier/Seed Deposition,TaN/Ta/Co/Cu,Metallization,Metallization,1,2.0,2.0
mCF,BEOL,76,M9,ArFi SADP,Cu Plate,Cu,Metallization,Metallization,1,2.0,2.0
mCF,BEOL,76,M9,ArFi SADP,Cu Anneal,N2,Dry Etch,Dry_etch,1,1.333333333333333,1.333333333333333
mCF,BEOL,76,M9,ArFi SADP,Cu CMP,Cu/Co/Ta/TaN/TiN/SiON,Wet Etch,Wet_etch,1,0.2761904761904762,0.2761904761904762
mCF,BEOL,76,M9,ArFi SADP,CVD Co Cap Deposition,Co,Deposition,Deposition,1,1.094444444444444,1.094444444444444
mCF,BEOL,,V9,ArFi LE2,CSOH Coat,CSOH,Wet Etch,Wet_etch,1,0.2761904761904762,0.2761904761904762
mCF,BEOL,,V9,ArFi LE2,SiON Deposition,SiON,Deposition,Deposition,1,1.094444444444444,1.094444444444444
mCF,BEOL,,V9,ArFi LE2,Pre-Litho Clean,DIW,Wet Etch,Wet_etch,1,0.2761904761904762,0.2761904761904762
mCF,BEOL,,V9,ArFi LE2,V6 Lithography,BARC/Resist,ARFI,ArFi_LE,1,0.3611111111111111,0.3611111111111111
mCF,BEOL,,V9,ArFi LE2,V6 Integrated Etch,SiON/C/SiON/ILD/C/ SiON/ILD/SiCN,Dry Etch,Dry_etch,1,1.333333333333333,1.333333333333333
mCF,BEOL,,V9,ArFi LE2,BEOL Post-Etch Clean,udHF/Solvent,Wet Etch,Wet_etch,1,0.2761904761904762,0.2761904761904762
mCF,BEOL,,V9,ArFi LE2,Barrier/Seed Deposition,TaN/Ta/Cu,Metallization,Metallization,1,2.0,2.0
mCF,BEOL,,V9,ArFi LE2,Cu Plate,Cu,Metallization,Metallization,1,2.0,2.0
mCF,BEOL,,V9,ArFi LE2,Cu Anneal,N2,Dry Etch,Dry_etch,1,1.333333333333333,1.333333333333333
mCF,BEOL,,V9,ArFi LE2,Cu CMP,Cu/Ta/TaN/TiN/SiON,Wet Etch,Wet_etch,1,0.2761904761904762,0.2761904761904762
mCF,BEOL,,V9,ArFi LE2,CSOH Coat,CSOH,Wet Etch,Wet_etch,1,0.2761904761904762,0.2761904761904762
mCF,BEOL,,V9,ArFi LE2,SiON Deposition,SiON,Deposition,Deposition,1,1.094444444444444,1.094444444444444
mCF,BEOL,,V9,ArFi LE2,Pre-Litho Clean,DIW,Wet Etch,Wet_etch,1,0.2761904761904762,0.2761904761904762
mCF,BEOL,,V9,ArFi LE2,V6 Lithography,BARC/Resist,ARFI,ArFi_LE,1,0.3611111111111111,0.3611111111111111
mCF,BEOL,,V9,ArFi LE2,V6 Integrated Etch,SiON/C/SiON/ILD/C/ SiON/ILD/SiCN,Dry Etch,Dry_etch,1,1.333333333333333,1.333333333333333
mCF,BEOL,,V9,ArFi LE2,BEOL Post-Etch Clean,udHF/Solvent,Wet Etch,Wet_etch,1,0.2761904761904762,0.2761904761904762
mCF,BEOL,112,M10,ArF LE,ESL Cap Deposition,SiCN,Deposition,Deposition,1,1.094444444444444,1.094444444444444
mCF,BEOL,112,M10,ArF LE,ILD Deposition,SiO,Deposition,Deposition,1,1.094444444444444,1.094444444444444
mCF,BEOL,112,M10,ArF LE,M12 Lithography,BARC/Resist,ArF,ArF_LE,1,0.3333333333333333,0.3333333333333333
mCF,BEOL,112,M10,ArF LE,M12 Integrated Etch,ILD/C/SiCN,Dry Etch,Dry_etch,1,1.333333333333333,1.333333333333333
mCF,BEOL,112,M10,ArF LE,BEOL Post-Etch Clean,udHF/Solvent,Wet Etch,Wet_etch,1,0.2761904761904762,0.2761904761904762
mCF,BEOL,112,M10,ArF LE,Barrier/Seed Deposition,TaN/Ta/Cu,Metallization,Metallization,1,2.0,2.0
mCF,BEOL,112,M10,ArF LE,Cu Plate,Cu,Metallization,Metallization,1,2.0,2.0
mCF,BEOL,112,M10,ArF LE,Cu Anneal,N2,Dry Etch,Dry_etch,1,1.333333333333333,1.333333333333333
mCF,BEOL,112,M10,ArF LE,Cu CMP,Cu/Ta/TaN,Wet Etch,Wet_etch,1,0.2761904761904762,0.2761904761904762
mCF,BEOL,,V10,ArF LE,Bevel Strip,SiO,Dry Etch,Dry_etch,1,1.333333333333333,1.333333333333333
mCF,BEOL,,V10,ArF LE,Bevel Strip Clean,APM/dHF,Wet Etch,Wet_etch,1,0.2761904761904762,0.2761904761904762
mCF,BEOL,,V10,ArF LE,V11 Lithography,BARC/Resist,ArF,ArF_LE,1,0.3333333333333333,0.3333333333333333
mCF,BEOL,,V10,ArF LE,V11 Etch,ILD/C,Dry Etch,Dry_etch,1,1.333333333333333,1.333333333333333
mCF,BEOL,,V10,ArF LE,BEOL post-etch aerosol,DIW,Wet Etch,Wet_etch,1,0.2761904761904762,0.2761904761904762
mCF,BEOL,112,M11,ArF LE,ESL Cap Deposition,SiCN,Deposition,Deposition,1,1.094444444444444,1.094444444444444
mCF,BEOL,112,M11,ArF LE,ILD Deposition,SiO,Deposition,Deposition,1,1.094444444444444,1.094444444444444
mCF,BEOL,112,M11,ArF LE,M12 Lithography,BARC/Resist,ArF,ArF_LE,1,0.3333333333333333,0.3333333333333333
mCF,BEOL,112,M11,ArF LE,M12 Integrated Etch,ILD/C/SiCN,Dry Etch,Dry_etch,1,1.333333333333333,1.333333333333333
mCF,BEOL,112,M11,ArF LE,BEOL Post-Etch Clean,udHF/Solvent,Wet Etch,Wet_etch,1,0.2761904761904762,0.2761904761904762
mCF,BEOL,112,M11,ArF LE,Barrier/Seed Deposition,TaN/Ta/Cu,Metallization,Metallization,1,2.0,2.0
mCF,BEOL,112,M11,ArF LE,Cu Plate,Cu,Metallization,Metallization,1,2.0,2.0
mCF,BEOL,112,M11,ArF LE,Cu Anneal,N2,Dry Etch,Dry_etch,1,1.333333333333333,1.333333333333333
mCF,BEOL,112,M11,ArF LE,Cu CMP,Cu/Ta/TaN,Wet Etch,Wet_etch,1,0.2761904761904762,0.2761904761904762
mCF,BEOL,,V11,ArF LE,Bevel Strip,SiO,Dry Etch,Dry_etch,1,1.333333333333333,1.333333333333333
mCF,BEOL,,V11,ArF LE,Bevel Strip Clean,APM/dHF,Wet Etch,Wet_etch,1,0.2761904761904762,0.2761904761904762
mCF,BEOL,,V11,ArF LE,V11 Lithography,BARC/Resist,ArF,ArF_LE,1,0.3333333333333333,0.3333333333333333
mCF,BEOL,,V11,ArF LE,V11 Etch,ILD/C,Dry Etch,Dry_etch,1,1.333333333333333,1.333333333333333
mCF,BEOL,,V11,ArF LE,BEOL post-etch aerosol,DIW,Wet Etch,Wet_etch,1,0.2761904761904762,0.2761904761904762
mCF,BEOL,720,M12,HG,ESL Cap Deposition,SiCN,Deposition,Deposition,1,1.094444444444444,1.094444444444444
mCF,BEOL,720,M12,HG,ILD Deposition,SiO,Deposition,Deposition,1,1.094444444444444,1.094444444444444
mCF,BEOL,720,M12,HG,M12 Lithography,BARC/Resist,HG,HG,1,0.3333333333333333,0.3333333333333333
mCF,BEOL,720,M12,HG,M12 Integrated Etch,ILD/C/SiCN,Dry Etch,Dry_etch,1,1.333333333333333,1.333333333333333
mCF,BEOL,720,M12,HG,BEOL Post-Etch Clean,udHF/Solvent,Wet Etch,Wet_etch,1,0.2761904761904762,0.2761904761904762
mCF,BEOL,720,M12,HG,Barrier/Seed Deposition,TaN/Ta/Cu,Metallization,Metallization,1,2.0,2.0
mCF,BEOL,720,M12,HG,Cu Plate,Cu,Metallization,Metallization,1,2.0,2.0
mCF,BEOL,720,M12,HG,Cu Anneal,N2,Dry Etch,Dry_etch,1,1.333333333333333,1.333333333333333
mCF,BEOL,720,M12,HG,Cu CMP,Cu/Ta/TaN,Wet Etch,Wet_etch,1,0.2761904761904762,0.2761904761904762
mCF,BEOL,,V12,HG,Bevel Strip,SiO,Dry Etch,Dry_etch,1,1.333333333333333,1.333333333333333
mCF,BEOL,,V12,HG,Bevel Strip Clean,APM/dHF,Wet Etch,Wet_etch,1,0.2761904761904762,0.2761904761904762
mCF,BEOL,,V12,HG,V11 Lithography,BARC/Resist,HG,HG,1,0.3333333333333333,0.3333333333333333
mCF,BEOL,,V12,HG,V11 Etch,ILD/C,Dry Etch,Dry_etch,1,1.333333333333333,1.333333333333333
mCF,BEOL,,V12,HG,BEOL post-etch aerosol,DIW,Wet Etch,Wet_etch,1,0.2761904761904762,0.2761904761904762
mCF,BEOL,720,M13,HG,ESL Cap Deposition,SiCN,Deposition,Deposition,1,1.094444444444444,1.094444444444444
mCF,BEOL,720,M13,HG,ILD Deposition,SiO,Deposition,Deposition,1,1.094444444444444,1.094444444444444
mCF,BEOL,720,M13,HG,M12 Lithography,BARC/Resist,HG,HG,1,0.3333333333333333,0.3333333333333333
mCF,BEOL,720,M13,HG,M12 Integrated Etch,ILD/C/SiCN,Dry Etch,Dry_etch,1,1.333333333333333,1.333333333333333
mCF,BEOL,720,M13,HG,BEOL Post-Etch Clean,udHF/Solvent,Wet Etch,Wet_etch,1,0.2761904761904762,0.2761904761904762
mCF,BEOL,720,M13,HG,Barrier/Seed Deposition,TaN/Ta/Cu,Metallization,Metallization,1,2.0,2.0
mCF,BEOL,720,M13,HG,Cu Plate,Cu,Metallization,Metallization,1,2.0,2.0
mCF,BEOL,720,M13,HG,Cu Anneal,N2,Dry Etch,Dry_etch,1,1.333333333333333,1.333333333333333
mCF,BEOL,720,M13,HG,Cu CMP,Cu/Ta/TaN,Wet Etch,Wet_etch,1,0.2761904761904762,0.2761904761904762
mCF,BEOL,,V13,HG,Bevel Strip,SiO,Dry Etch,Dry_etch,1,1.333333333333333,1.333333333333333
mCF,BEOL,,V13,HG,Bevel Strip Clean,APM/dHF,Wet Etch,Wet_etch,1,0.2761904761904762,0.2761904761904762
mCF,BEOL,,V13,HG,V11 Lithography,BARC/Resist,HG,HG,1,0.3333333333333333,0.3333333333333333
mCF,BEOL,,V13,HG,V11 Etch,ILD/C,Dry Etch,Dry_etch,1,1.333333333333333,1.333333333333333
mCF,BEOL,,V13,HG,BEOL post-etch aerosol,DIW,Wet Etch,Wet_etch,1,0.2761904761904762,0.2761904761904762
mCF,BEOL,144,BPR,KrF,ESL Cap Deposition,SiCN,Deposition,Deposition,1,1.094444444444444,1.094444444444444
mCF,BEOL,144,BPR,KrF,ILD Deposition,SiO,Deposition,Deposition,1,1.094444444444444,1.094444444444444
mCF,BEOL,144,BPR,KrF,M12 Lithography,BARC/Resist,KRF,KrF,1,0.3333333333333333,0.3333333333333333
mCF,BEOL,144,BPR,KrF,M12 Integrated Etch,ILD/C/SiCN,Dry Etch,Dry_etch,1,1.333333333333333,1.333333333333333
mCF,BEOL,144,BPR,KrF,BEOL Post-Etch Clean,udHF/Solvent,Wet Etch,Wet_etch,1,0.2761904761904762,0.2761904761904762
mCF,BEOL,144,BPR,KrF,Barrier/Seed Deposition,TaN/Ta/Cu,Metallization,Metallization,1,2.0,2.0
mCF,BEOL,144,BPR,KrF,Cu Plate,Cu,Metallization,Metallization,1,2.0,2.0
mCF,BEOL,144,BPR,KrF,Cu Anneal,N2,Dry Etch,Dry_etch,1,1.333333333333333,1.333333333333333
mCF,BEOL,144,BPR,KrF,Cu CMP,Cu/Ta/TaN,Wet Etch,Wet_etch,1,0.2761904761904762,0.2761904761904762
mCF,BEOL,,VBPR,KrF,Bevel Strip,SiO,Dry Etch,Dry_etch,1,1.333333333333333,1.333333333333333
mCF,BEOL,,VBPR,KrF,Bevel Strip Clean,APM/dHF,Wet Etch,Wet_etch,1,0.2761904761904762,0.2761904761904762
mCF,BEOL,,VBPR,KrF,V11 Lithography,BARC/Resist,KRF,KrF,1,0.3333333333333333,0.3333333333333333
mCF,BEOL,,VBPR,KrF,V11 Etch,ILD/C,Dry Etch,Dry_etch,1,1.333333333333333,1.333333333333333
mCF,BEOL,,VBPR,KrF,BEOL post-etch aerosol,DIW,Wet Etch,Wet_etch,1,0.2761904761904762,0.2761904761904762
mCF,BEOL,112,BM1,ArF LE,ESL Cap Deposition,SiCN,Deposition,Deposition,1,1.094444444444444,1.094444444444444
mCF,BEOL,112,BM1,ArF LE,ILD Deposition,SiO,Deposition,Deposition,1,1.094444444444444,1.094444444444444
mCF,BEOL,112,BM1,ArF LE,M12 Lithography,BARC/Resist,ArF,ArF_LE,1,0.3333333333333333,0.3333333333333333
mCF,BEOL,112,BM1,ArF LE,M12 Integrated Etch,ILD/C/SiCN,Dry Etch,Dry_etch,1,1.333333333333333,1.333333333333333
mCF,BEOL,112,BM1,ArF LE,BEOL Post-Etch Clean,udHF/Solvent,Wet Etch,Wet_etch,1,0.2761904761904762,0.2761904761904762
mCF,BEOL,112,BM1,ArF LE,Barrier/Seed Deposition,TaN/Ta/Cu,Metallization,Metallization,1,2.0,2.0
mCF,BEOL,112,BM1,ArF LE,Cu Plate,Cu,Metallization,Metallization,1,2.0,2.0
mCF,BEOL,112,BM1,ArF LE,Cu Anneal,N2,Dry Etch,Dry_etch,1,1.333333333333333,1.333333333333333
mCF,BEOL,112,BM1,ArF LE,Cu CMP,Cu/Ta/TaN,Wet Etch,Wet_etch,1,0.2761904761904762,0.2761904761904762
mCF,BEOL,,VBM1,ArF LE,Bevel Strip,SiO,Dry Etch,Dry_etch,1,1.333333333333333,1.333333333333333
mCF,BEOL,,VBM1,ArF LE,Bevel Strip Clean,APM/dHF,Wet Etch,Wet_etch,1,0.2761904761904762,0.2761904761904762
mCF,BEOL,,VBM1,ArF LE,V11 Lithography,BARC/Resist,ArF,ArF_LE,1,0.3333333333333333,0.3333333333333333
mCF,BEOL,,VBM1,ArF LE,V11 Etch,ILD/C,Dry Etch,Dry_etch,1,1.333333333333333,1.333333333333333
mCF,BEOL,,VBM1,ArF LE,BEOL post-etch aerosol,DIW,Wet Etch,Wet_etch,1,0.2761904761904762,0.2761904761904762
mCF,BEOL,112,BM2,ArF LE,ESL Cap Deposition,SiCN,Deposition,Deposition,1,1.094444444444444,1.094444444444444
mCF,BEOL,112,BM2,ArF LE,ILD Deposition,SiO,Deposition,Deposition,1,1.094444444444444,1.094444444444444
mCF,BEOL,112,BM2,ArF LE,M12 Lithography,BARC/Resist,ArF,ArF_LE,1,0.3333333333333333,0.3333333333333333
mCF,BEOL,112,BM2,ArF LE,M12 Integrated Etch,ILD/C/SiCN,Dry Etch,Dry_etch,1,1.333333333333333,1.333333333333333
mCF,BEOL,112,BM2,ArF LE,BEOL Post-Etch Clean,udHF/Solvent,Wet Etch,Wet_etch,1,0.2761904761904762,0.2761904761904762
mCF,BEOL,112,BM2,ArF LE,Barrier/Seed Deposition,TaN/Ta/Cu,Metallization,Metallization,1,2.0,2.0
mCF,BEOL,112,BM2,ArF LE,Cu Plate,Cu,Metallization,Metallization,1,2.0,2.0
mCF,BEOL,112,BM2,ArF LE,Cu Anneal,N2,Dry Etch,Dry_etch,1,1.333333333333333,1.333333333333333
mCF,BEOL,112,BM2,ArF LE,Cu CMP,Cu/Ta/TaN,Wet Etch,Wet_etch,1,0.2761904761904762,0.2761904761904762
mCF,BEOL,,VBM2,ArF LE,Bevel Strip,SiO,Dry Etch,Dry_etch,1,1.333333333333333,1.333333333333333
mCF,BEOL,,VBM2,ArF LE,Bevel Strip Clean,APM/dHF,Wet Etch,Wet_etch,1,0.2761904761904762,0.2761904761904762
mCF,BEOL,,VBM2,ArF LE,V11 Lithography,BARC/Resist,ArF,ArF_LE,1,0.3333333333333333,0.3333333333333333
mCF,BEOL,,VBM2,ArF LE,V11 Etch,ILD/C,Dry Etch,Dry_etch,1,1.333333333333333,1.333333333333333
mCF,BEOL,,VBM2,ArF LE,BEOL post-etch aerosol,DIW,Wet Etch,Wet_etch,1,0.2761904761904762,0.2761904761904762
mCF,BEOL,720,BM3,HG,ESL Cap Deposition,SiCN,Deposition,Deposition,1,1.094444444444444,1.094444444444444
mCF,BEOL,720,BM3,HG,ILD Deposition,SiO,Deposition,Deposition,1,1.094444444444444,1.094444444444444
mCF,BEOL,720,BM3,HG,M12 Lithography,BARC/Resist,HG,HG,1,0.3333333333333333,0.3333333333333333
mCF,BEOL,720,BM3,HG,M12 Integrated Etch,ILD/C/SiCN,Dry Etch,Dry_etch,1,1.333333333333333,1.333333333333333
mCF,BEOL,720,BM3,HG,BEOL Post-Etch Clean,udHF/Solvent,Wet Etch,Wet_etch,1,0.2761904761904762,0.2761904761904762
mCF,BEOL,720,BM3,HG,Barrier/Seed Deposition,TaN/Ta/Cu,Metallization,Metallization,1,2.0,2.0
mCF,BEOL,720,BM3,HG,Cu Plate,Cu,Metallization,Metallization,1,2.0,2.0
mCF,BEOL,720,BM3,HG,Cu Anneal,N2,Dry Etch,Dry_etch,1,1.333333333333333,1.333333333333333
mCF,BEOL,720,BM3,HG,Cu CMP,Cu/Ta/TaN,Wet Etch,Wet_etch,1,0.2761904761904762,0.2761904761904762
mCF,BEOL,,VBM3,HG,Bevel Strip,SiO,Dry Etch,Dry_etch,1,1.333333333333333,1.333333333333333
mCF,BEOL,,VBM3,HG,Bevel Strip Clean,APM/dHF,Wet Etch,Wet_etch,1,0.2761904761904762,0.2761904761904762
mCF,BEOL,,VBM3,HG,V11 Lithography,BARC/Resist,HG,HG,1,0.3333333333333333,0.3333333333333333
mCF,BEOL,,VBM3,HG,V11 Etch,ILD/C,Dry Etch,Dry_etch,1,1.333333333333333,1.333333333333333
mCF,BEOL,,VBM3,HG,BEOL post-etch aerosol,DIW,Wet Etch,Wet_etch,1,0.2761904761904762,0.2761904761904762
mCF,BEOL,720,BM4,HG,ESL Cap Deposition,SiCN,Deposition,Deposition,1,1.094444444444444,1.094444444444444
mCF,BEOL,720,BM4,HG,ILD Deposition,SiO,Deposition,Deposition,1,1.094444444444444,1.094444444444444
mCF,BEOL,720,BM4,HG,M12 Lithography,BARC/Resist,HG,HG,1,0.3333333333333333,0.3333333333333333
mCF,BEOL,720,BM4,HG,M12 Integrated Etch,ILD/C/SiCN,Dry Etch,Dry_etch,1,1.333333333333333,1.333333333333333
mCF,BEOL,720,BM4,HG,BEOL Post-Etch Clean,udHF/Solvent,Wet Etch,Wet_etch,1,0.2761904761904762,0.2761904761904762
mCF,BEOL,720,BM4,HG,Barrier/Seed Deposition,TaN/Ta/Cu,Metallization,Metallization,1,2.0,2.0
mCF,BEOL,720,BM4,HG,Cu Plate,Cu,Metallization,Metallization,1,2.0,2.0
mCF,BEOL,720,BM4,HG,Cu Anneal,N2,Dry Etch,Dry_etch,1,1.333333333333333,1.333333333333333
mCF,BEOL,720,BM4,HG,Cu CMP,Cu/Ta/TaN,Wet Etch,Wet_etch,1,0.2761904761904762,0.2761904761904762
mCF,BEOL,,VBM4,HG,Bevel Strip,SiO,Dry Etch,Dry_etch,1,1.333333333333333,1.333333333333333
mCF,BEOL,,VBM4,HG,Bevel Strip Clean,APM/dHF,Wet Etch,Wet_etch,1,0.2761904761904762,0.2761904761904762
mCF,BEOL,,VBM4,HG,V11 Lithography,BARC/Resist,HG,HG,1,0.3333333333333333,0.3333333333333333
mCF,BEOL,,VBM4,HG,V11 Etch,ILD/C,Dry Etch,Dry_etch,1,1.333333333333333,1.333333333333333
mCF,BEOL,,VBM4,HG,BEOL post-etch aerosol,DIW,Wet Etch,Wet_etch,1,0.2761904761904762,0.2761904761904762
