section,category,unit,FF,NSH,sCF,mCF
FEOL,Dry_etch,kWh,156,92,129.3333333,80
FEOL,Metallization,kWh,6,14,14,20
FEOL,Wet_etch,kWh,18.22857143,12.15238095,14.36190476,10.77142857
FEOL,Deposition,kWh,114.9166667,82.08333333,126.9555556,86.46111111
FEOL,EUV,kWh,19.5,42.25,42.25,29.25
FEOL,ArFi_LE,kWh,3.25,0.3611111111,0.3611111111,0.3611111111
FEOL,ArF_LE,kWh,0.3333333333,0,0,0
FEOL,KrF,kWh,3.666666667,0,0,0
FEOL,HG,kWh,0,0,0,0
BEOL,Dry_etch,kWh,70.66666667,181.3333333,181.3333333,181.3333333
BEOL,Metallization,kWh,52,92,92,92
BEOL,Wet_etch,kWh,28.44761905,65.18095238,65.18095238,65.18095238
BEOL,Deposition,kWh,82.08333333,175.1111111,175.1111111,175.1111111
BEOL,EUV,kWh,19.5,52,52,52
BEOL,ArFi_LE,kWh,5.777777778,10.11111111,10.11111111,10.11111111
BEOL,ArF_LE,kWh,1.333333333,2.666666667,2.666666667,2.666666667
BEOL,KrF,kWh,0,0.6666666667,0.6666666667,0.6666666667
BEOL,HG,kWh,0,2.666666667,2.666666667,2.666666667
ALL,TOTAL,kWh,581.7039683,824.5833333,908.9984127,808.5801587
ALL,TOTAL + facility,kWh,814.3855556,1154.416667,1272.597778,1132.012222
ALL,EPW incl. facility,kgCO2e,350.1857889,496.3991667,547.2170444,486.7652556
