section,category,FF,NSH,sCF,mCF
FEOL,Dry_etch,117,69,97,60
FEOL,Metallization,3,7,7,10
FEOL,Wet_etch,66,44,52,39
FEOL,Deposition,105,75,116,79
FEOL,EUV,6,13,13,9
FEOL,ArFi_LE,9,1,1,1
FEOL,ArF_LE,1,0,0,0
FEOL,KrF,11,0,0,0
FEOL,HG,0,0,0,0
FEOL,TOTAL,318,209,286,198
BEOL,Dry_etch,53,136,136,136
BEOL,Metallization,26,46,46,46
BEOL,Wet_etch,103,236,236,236
BEOL,Deposition,75,160,160,160
BEOL,EUV,6,16,16,16
BEOL,ArFi_LE,16,28,28,28
BEOL,ArF_LE,4,8,8,8
BEOL,KrF,0,2,2,2
BEOL,HG,0,8,8,8
BEOL,TOTAL,283,640,640,640
