tech,supply_voltage,flavor,tracks,area_um2,energy_per_cycle_fJ,critical_path_ps,yield,good_die_per_wafer,cembodied_per_wafer_kgCO2e,cembodied_gooddie,energy_per_run_fJ,cop_per_run_kgCO2e_USgrid
FF,0.65,LVT,s7.5t,3156.52894,774.826012,992.899,0.9,22381671.094455175,504.2830000958929,2.5034522319015047e-05,15533206702.016176,1.6396162629905968e-12
FF,0.65,LVT,s7.5t,3879.20069,890.488271,793.567,0.9,18211052.427155733,504.2830000958929,3.076782337496702e-05,17851928258.655308,1.8843702050802825e-12
FF,0.65,LVT,s7.5t,3848.361,887.635791,710.961,0.9,18357033.673059855,504.2830000958929,3.0523147395719496e-05,17794743599.43227,1.87833404660674e-12
FF,0.65,LVT,s7.5t,3793.69656,805.720232,451.604,0.9,18621623.005699836,504.2830000958929,3.008945269590557e-05,16152553881.544737,1.7049917986075002e-12
FF,0.65,LVT,s7.5t,3439.29156,791.859506,498.155,0.9,20541076.622111075,504.2830000958929,2.7277754465306436e-05,15874683083.890089,1.6756609921883986e-12
FF,0.65,LVT,s7.5t,3365.56944,786.449456,597.868,0.9,20991149.898442935,504.2830000958929,2.6692889492088026e-05,15766225928.84269,1.664212736933395e-12
FF,0.65,LVT,s7.5t,3330.97919,795.068796,697.953,0.9,21209190.382286012,504.2830000958929,2.64184739941308e-05,15939020837.353008,1.6824521994983731e-12
FF,0.65,LVT,s7.5t,3186.88425,774.02776,794.806,0.9,22168427.65199225,504.2830000958929,2.527533541607031e-05,15517203866.38048,1.6379270747846063e-12
FF,0.65,LVT,s7.5t,3296.16538,802.226012,895.008,0.9,21433261.13269413,504.2830000958929,2.6142286098324662e-05,16082504037.216175,1.6975976483728186e-12
FF,0.6,LVT,s7.5t,3166.1885,638.160736,998.593,0.9,22313369.93644008,504.2830000958929,2.51111529162585e-05,12793430354.52813,1.350417648533525e-12
FF,0.6,LVT,s7.5t,3860.26019,759.742033,745.153,0.9,18300431.86726316,504.2830000958929,3.061755310558075e-05,15230812925.778484,1.6076969199432847e-12
FF,0.6,LVT,s7.5t,3876.282,754.940665,751.0,0.9,18224768.672408924,504.2830000958929,3.074466703104279e-05,15134558230.606419,1.5975367021195667e-12
FF,0.6,LVT,s7.5t,3787.293,717.243625,642.242,0.9,18653117.62148786,504.2830000958929,3.0038648547711177e-05,14378832551.1565,1.5177656581776307e-12
FF,0.6,LVT,s7.5t,3583.1835,642.405096,514.801,0.9,19715971.08013673,504.2830000958929,2.8419317632063914e-05,12878518516.485407,1.3593991767401265e-12
FF,0.6,LVT,s7.5t,3421.16781,632.250323,597.741,0.9,20649923.79682004,504.2830000958929,2.7133971537332113e-05,12674942248.293404,1.3379105706531928e-12
FF,0.6,LVT,s7.5t,3364.18275,637.720963,701.05,0.9,20999804.65517347,504.2830000958929,2.668188841523124e-05,12784614072.156124,1.3494870409498133e-12
FF,0.6,LVT,s7.5t,3198.90381,640.406882,794.765,0.9,22085109.852544285,504.2830000958929,2.537068859027848e-05,12838459625.048937,1.3551707381996102e-12
FF,0.6,LVT,s7.5t,3321.375,645.356587,896.608,0.9,21270536.235772636,504.2830000958929,2.634228109438347e-05,12937688083.681276,1.3656448532774681e-12
FF,0.7,LVT,s7.5t,3095.80919,936.935142,1000.072,0.9,22820771.588711474,504.2830000958929,2.455282646219365e-05,18783064845.103416,1.9826568447609164e-12
FF,0.7,LVT,s7.5t,3778.0995,1202.01762,732.327,0.9,18698520.67285943,504.2830000958929,2.9965709820257522e-05,24097265530.271763,2.543600250417575e-12
FF,0.7,LVT,s7.5t,3835.62406,1141.57034,566.928,0.9,18418009.645895373,504.2830000958929,3.042209529279204e-05,22885457872.45832,2.4156872198706007e-12
FF,0.7,LVT,s7.5t,3688.31231,924.167777,432.257,0.9,19153844.723974023,504.2830000958929,2.9253366758772518e-05,18527113035.905396,1.9556397093455695e-12
FF,0.7,LVT,s7.5t,3445.56075,951.110148,497.005,0.9,20503691.846155044,504.2830000958929,2.7327490520009208e-05,19067236123.287502,2.0126527019025698e-12
FF,0.7,LVT,s7.5t,3303.26319,935.208817,595.121,0.9,21387194.44668192,504.2830000958929,2.6198594955867208e-05,18748456607.067314,1.9790037529682166e-12
FF,0.7,LVT,s7.5t,3325.63075,921.209225,695.948,0.9,21243309.315635238,504.2830000958929,2.637604321557359e-05,18467801914.3853,1.949379090962893e-12
FF,0.7,LVT,s7.5t,3177.53281,929.986228,797.787,0.9,22233686.446093354,504.2830000958929,2.520114898217628e-05,18643757547.923344,1.9679521856141308e-12
FF,0.7,LVT,s7.5t,3302.80525,949.676459,890.171,0.9,21390160.624269407,504.2830000958929,2.6194961991788685e-05,19038494460.980732,2.0096188597701887e-12
FF,0.65,RVT,s7.5t,3201.6125,686.440977,986.68,0.9,22066419.99827103,504.2830000958929,2.5392177099633488e-05,13761321147.378996,1.4525838988900053e-12
FF,0.65,RVT,s7.5t,3887.58419,800.074751,848.535,0.9,18171769.114382457,504.2830000958929,3.08343365483066e-05,16039376959.310349,1.6930453457049815e-12
FF,0.65,RVT,s7.5t,3873.23913,825.044942,741.041,0.9,18239090.50710952,504.2830000958929,3.072052547426002e-05,16539963067.913816,1.7458849905020142e-12
FF,0.65,RVT,s7.5t,3819.24394,796.103094,820.182,0.9,18497024.61259643,504.2830000958929,3.02921392108339e-05,15959755769.294714,1.6846408867588866e-12
FF,0.65,RVT,s7.5t,3835.50038,783.602142,577.573,0.9,18418603.72871394,504.2830000958929,3.042111404337789e-05,15709144834.219416,1.6581875102787163e-12
FF,0.65,RVT,s7.5t,3528.228,702.727882,599.399,0.9,20023153.084006693,504.2830000958929,2.7983327211264143e-05,14087830399.756937,1.487048764418788e-12
FF,0.65,RVT,s7.5t,3441.98675,710.10929,744.602,0.9,20524987.828325476,504.2830000958929,2.7299136508024188e-05,14235808054.66292,1.5026686279921971e-12
FF,0.65,RVT,s7.5t,3282.94294,694.450056,793.401,0.9,21519609.51999531,504.2830000958929,2.603738901630006e-05,13921881941.251488,1.4695319826876573e-12
FF,0.65,RVT,s7.5t,3311.82838,687.150184,896.187,0.9,21331866.999394443,504.2830000958929,2.6266545003627578e-05,13775538866.912031,1.454084658174048e-12
FF,0.6,RVT,s7.5t,3267.2295,576.17569,996.366,0.9,21623134.107324075,504.2830000958929,2.5912730401149632e-05,11550794566.57012,1.2192505375824016e-12
FF,0.6,RVT,s7.5t,3928.78081,625.462579,846.51,0.9,17981166.714372765,504.2830000958929,3.1161184001654335e-05,12538865982.190493,1.3235469647867743e-12
FF,0.6,RVT,s7.5t,3993.671,689.047037,852.996,0.9,17688918.084545255,504.2830000958929,3.16760155636956e-05,13813565739.107878,1.4580986057947205e-12
FF,0.6,RVT,s7.5t,3950.14106,650.906299,942.72,0.9,17883905.47462377,504.2830000958929,3.1330653438425175e-05,13048945091.445051,1.3773886485414224e-12
FF,0.6,RVT,s7.5t,3879.0765,646.188382,905.448,0.9,18211635.631695427,504.2830000958929,3.076683807443545e-05,12954363367.510937,1.3674050221261545e-12
FF,0.6,RVT,s7.5t,3864.73138,613.79902,646.677,0.9,18279253.505167596,504.2830000958929,3.065302663440767e-05,12305042555.99896,1.2988656031332238e-12
FF,0.6,RVT,s7.5t,3640.8385,597.005855,833.066,0.9,19403668.302801535,504.2830000958929,2.8876727627326676e-05,11968384133.22254,1.2633294362846016e-12
FF,0.6,RVT,s7.5t,3405.59638,576.499818,797.008,0.9,20744367.65250337,504.2830000958929,2.701043743232033e-05,11557292473.382664,1.219936427745948e-12
FF,0.6,RVT,s7.5t,3388.20438,562.424238,922.434,0.9,20850879.96276247,504.2830000958929,2.687246032549495e-05,11275114422.820824,1.1901509668533093e-12
FF,0.7,RVT,s7.5t,3177.47663,818.728662,997.197,0.9,22234079.657671876,504.2830000958929,2.5200703297725903e-05,16413338404.688375,1.7325190538282176e-12
FF,0.7,RVT,s7.5t,3879.57331,959.363669,765.86,0.9,18209302.802831665,504.2830000958929,3.0770779673335956e-05,19232697330.999813,2.0301180516055357e-12
FF,0.7,RVT,s7.5t,3808.84031,949.478612,753.416,0.9,18547562.917571478,504.2830000958929,3.0209599344190107e-05,19034528153.320976,2.0092001939616587e-12
FF,0.7,RVT,s7.5t,3637.52694,818.08112,509.081,0.9,19421338.193549227,504.2830000958929,2.8850455049338454e-05,16400356904.86976,1.7311487844029195e-12
FF,0.7,RVT,s7.5t,3507.41419,824.600386,595.444,0.9,20142008.4616289,504.2830000958929,2.7818201229455696e-05,16531050899.076326,1.7449442615691678e-12
FF,0.7,RVT,s7.5t,3423.384,852.402719,725.408,0.9,20636552.005049605,504.2830000958929,2.7151553438475933e-05,17088413943.939213,1.8037770274158061e-12
FF,0.7,RVT,s7.5t,3221.52388,823.726442,796.62,0.9,21929996.998902336,504.2830000958929,2.5550137766960825e-05,16513530639.575817,1.743094900844114e-12
FF,0.7,RVT,s7.5t,3329.42644,820.14772,896.463,0.9,21219084.439664233,504.2830000958929,2.640615555983236e-05,16441786754.246561,1.7355219351704707e-12
FF,0.65,HVT,s7.5t,3402.3305,603.076302,996.686,0.9,20764285.549308177,504.2830000958929,2.6984527987752536e-05,12090080496.747097,1.276175163545527e-12
FF,0.65,HVT,s7.5t,3920.57819,664.32929,879.432,0.9,18018797.976831567,504.2830000958929,3.1096105593249905e-05,13318040463.22292,1.405793160006864e-12
FF,0.65,HVT,s7.5t,3968.67738,709.587313,982.52,0.9,17800351.201241717,504.2830000958929,3.147771851332381e-05,14225343800.095924,1.5015640677879032e-12
FF,0.65,HVT,s7.5t,3892.82356,668.948967,877.388,0.9,18147304.452288814,504.2830000958929,3.0875904794792974e-05,13410652735.689516,1.4155688998783378e-12
FF,0.65,HVT,s7.5t,3881.5605,690.612655,1012.733,0.9,18199977.694009647,504.2830000958929,3.0786545674471584e-05,13844952227.988941,1.4614116240654994e-12
FF,0.65,HVT,s7.5t,3963.39294,765.134425,817.132,0.9,17824091.680661663,504.2830000958929,3.143579233038326e-05,15338916084.7549,1.6191078089463506e-12
FF,0.65,HVT,s7.5t,3692.81025,668.409481,904.336,0.9,19130508.156456973,504.2830000958929,2.928905181025594e-05,13399837472.106388,1.4144272887223412e-12
FF,0.65,HVT,s7.5t,3559.30738,608.662342,796.815,0.9,19848264.802650332,504.2830000958929,2.8229895667059695e-05,12202065784.569016,1.2879958328156184e-12
FF,0.65,HVT,s7.5t,3552.47638,619.502666,1026.944,0.9,19886441.45847951,504.2830000958929,2.8175701807729705e-05,12419385532.229767,1.3109351395131422e-12
FF,0.6,HVT,s7.5t,3569.16106,509.729748,1000.5,0.9,19793452.637001928,504.2830000958929,2.8308070088971686e-05,10218729644.108303,1.0786436846558764e-12
FF,0.6,HVT,s7.5t,3930.66,574.56965,1037.542,0.9,17972567.645122368,504.2830000958929,3.1176093233570754e-05,11518597723.7882,1.2158519819554213e-12
FF,0.6,HVT,s7.5t,3975.40875,579.912111,1105.665,0.9,17770201.763242666,504.2830000958929,3.153112452048756e-05,11625699898.631628,1.2271572115222277e-12
FF,0.6,HVT,s7.5t,3916.46175,668.775823,1104.385,0.9,18037742.426624887,504.2830000958929,3.106344637253115e-05,13407181657.667402,1.415202508309337e-12
FF,0.6,HVT,s7.5t,3898.62394,537.924079,1038.414,0.9,18120296.915869918,504.2830000958929,3.092192402544263e-05,10783951209.292492,1.1383059609808742e-12
FF,0.6,HVT,s7.5t,3972.20031,597.072769,1218.137,0.9,17784559.44446255,504.2830000958929,3.1505669077760214e-05,11969725581.466612,1.2634710335992534e-12
FF,0.6,HVT,s7.5t,3906.73206,587.88317,1028.13,0.9,18082678.572080277,504.2830000958929,3.0986252524342255e-05,11785498492.333158,1.2440248408573891e-12
FF,0.6,HVT,s7.5t,3928.40494,515.649113,856.981,0.9,17982887.662051357,504.2830000958929,3.115820190176706e-05,10337397214.202326,1.091169705943579e-12
FF,0.6,HVT,s7.5t,3650.41188,637.897386,1208.151,0.9,19352766.78012554,504.2830000958929,2.895267901054907e-05,12788150885.432327,1.349860371240079e-12
FF,0.7,HVT,s7.5t,3225.49288,720.469638,998.092,0.9,21903004.704929814,504.2830000958929,2.558162462636368e-05,14443505556.420025,1.5245922531776696e-12
FF,0.7,HVT,s7.5t,3887.52213,910.322489,949.613,0.9,18172059.29193479,504.2830000958929,3.0833844175253905e-05,18249551729.20917,1.9263415714165237e-12
FF,0.7,HVT,s7.5t,3818.81306,806.767053,919.009,0.9,18499112.25636,504.2830000958929,3.0288720711900958e-05,16173539866.425446,1.707206985900464e-12
FF,0.7,HVT,s7.5t,3852.44181,742.348212,634.815,0.9,18337582.76784929,504.2830000958929,3.055552368294549e-05,14882112943.141775,1.5708896995538542e-12
FF,0.7,HVT,s7.5t,3596.93944,757.756081,710.137,0.9,19640549.12197195,504.2830000958929,2.8528451066786436e-05,15190999854.923187,1.603494429130781e-12
FF,0.7,HVT,s7.5t,3367.41838,737.001986,797.343,0.9,20979621.186909135,504.2830000958929,2.6707557756124646e-05,14774935290.033127,1.5595765028368302e-12
FF,0.7,HVT,s7.5t,3375.89775,752.648606,977.181,0.9,20926911.4654584,504.2830000958929,2.677482749787695e-05,15088608526.196888,1.592686455543005e-12
NSH,0.65,HVT,s6t,1298.466,271.414699,753.661,0.9,54419461.36705987,712.346929644553,1.4544366456611809e-05,5441144923.168252,5.743430752233157e-13
NSH,0.65,HVT,s6t,1294.061,273.566515,556.991,0.9,54604737.40574685,712.346929644553,1.4495016844649217e-05,5484283127.35222,5.788965523316231e-13
NSH,0.65,HVT,s6t,1257.074,273.195648,699.323,0.9,56211651.96643088,712.346929644553,1.4080649844032742e-05,5476848227.541504,5.781117573516033e-13
NSH,0.65,HVT,s6t,1262.972,258.561679,626.396,0.9,55949103.240768775,712.346929644553,1.4146725195716866e-05,5183475958.377293,5.471446844953809e-13
NSH,0.65,HVT,s6t,1150.763,259.051647,702.005,0.9,61405543.44043511,712.346929644553,1.288966018616412e-05,5193298517.382156,5.481815101681166e-13
NSH,0.65,HVT,s6t,1075.125,252.048525,792.866,0.9,65726295.069530636,712.346929644553,1.2042312557807162e-05,5052904493.5617,5.333621409870684e-13
NSH,0.6,HVT,s6t,1314.178,220.101714,785.662,0.9,53768724.98864052,712.346929644553,1.4720389755590518e-05,4412455655.954472,4.657592081285275e-13
NSH,0.6,HVT,s6t,1328.857,229.420938,832.136,0.9,53174676.36987724,712.346929644553,1.4884840727348935e-05,4599281382.572424,4.85479701493756e-13
NSH,0.6,HVT,s6t,1192.377,208.617643,798.251,0.9,59262148.00539657,712.346929644553,1.33558538651328e-05,4182230488.1607637,4.414576626391918e-13
NSH,0.7,HVT,s6t,1299.096,328.876508,688.639,0.9,54393066.02314478,712.346929644553,1.4551424406874919e-05,6593101804.9007845,6.959385238506384e-13
NSH,0.7,HVT,s6t,1288.754,330.272563,472.911,0.9,54829634.12795165,712.346929644553,1.443556210218171e-05,6621089005.312923,6.988927283385865e-13
NSH,0.7,HVT,s6t,1131.004,304.214671,617.079,0.9,62478490.18595462,712.346929644553,1.266830530216428e-05,6098697376.242508,6.43751389714487e-13
NSH,0.7,HVT,s6t,1108.174,307.298092,737.28,0.9,63765843.33444046,712.346929644553,1.2412547958358984e-05,6160511790.060016,6.502762445063351e-13
NSH,0.65,LVT,s6t,1242.145,345.235765,549.018,0.9,56887357.68301597,712.346929644553,1.3913400458925752e-05,6921061523.001221,7.305564940945733e-13
NSH,0.65,LVT,s6t,1233.398,334.906481,421.828,0.9,57290858.06370268,712.346929644553,1.3815408168854256e-05,6713986772.062387,7.086986037176964e-13
NSH,0.65,LVT,s6t,1159.721,323.747682,470.095,0.9,60931154.61779981,712.346929644553,1.2990014606792434e-05,6490282445.247336,6.850853692205523e-13
NSH,0.65,LVT,s6t,1089.642,309.405324,492.961,0.9,64850506.82114997,712.346929644553,1.2204940674971159e-05,6202756203.280752,6.547353770129684e-13
NSH,0.65,LVT,s6t,1044.191,309.737323,594.175,0.9,67673729.84919631,712.346929644553,1.1695773090351507e-05,6209411902.769404,6.554379230701038e-13
NSH,0.65,LVT,s6t,1055.236,319.228928,698.466,0.9,66965291.224227786,712.346929644553,1.1819504911039458e-05,6399693411.282944,6.755231934131997e-13
NSH,0.65,LVT,s6t,1037.298,311.928778,892.815,0.9,68123500.5197805,712.346929644553,1.1618554279431472e-05,6253344763.780745,6.600752806213009e-13
NSH,0.6,LVT,s6t,1271.414,284.601093,576.892,0.9,55577547.35728238,712.346929644553,1.424130113921332e-05,5705497152.551364,6.022469216581996e-13
NSH,0.6,LVT,s6t,1265.527,272.444927,423.309,0.9,55836127.45834737,712.346929644553,1.4175348909796589e-05,5461798262.403596,5.765231499203797e-13
NSH,0.6,LVT,s6t,1235.716,280.001982,536.85,0.9,57183372.046006165,712.346929644553,1.3841376613067855e-05,5613297173.843736,5.925147016835055e-13
NSH,0.6,LVT,s6t,1115.558,256.318188,495.74,0.9,63343704.12134846,712.346929644553,1.249526846389763e-05,5138499913.565424,5.423972130985725e-13
NSH,0.6,LVT,s6t,1068.603,256.962834,609.875,0.9,66127504.19630222,712.346929644553,1.196924937835787e-05,5151423356.264232,5.437613542723355e-13
NSH,0.6,LVT,s6t,1069.028,260.242143,693.461,0.9,66101210.66513509,712.346929644553,1.1974010468637612e-05,5217164804.986764,5.507007294152696e-13
NSH,0.6,LVT,s6t,1046.546,257.407265,891.012,0.9,67521423.20954467,712.346929644553,1.172215499720189e-05,5160333019.18322,5.447018186915621e-13
NSH,0.7,LVT,s6t,1212.193,400.899586,460.935,0.9,58293218.835019335,712.346929644553,1.3577850122396406e-05,8036973513.597928,8.483472042131147e-13
NSH,0.7,LVT,s6t,1224.402,401.262112,426.849,0.9,57711858.73943128,712.346929644553,1.3714626521865298e-05,8044241198.478976,8.491143487283364e-13
NSH,0.7,LVT,s6t,1045.288,366.648868,494.888,0.9,67602697.37703225,712.346929644553,1.1708062240174098e-05,7350337450.602064,7.758689531191068e-13
NSH,0.7,LVT,s6t,1037.169,368.377306,599.695,0.9,68131974.80531,712.346929644553,1.1617109158448479e-05,7384988048.684487,7.795265162500293e-13
NSH,0.7,LVT,s6t,1031.421,371.199399,894.131,0.9,68511724.82646975,712.346929644553,1.1552717297640568e-05,7441563529.143852,7.8549837252074e-13
NSH,0.65,RVT,s6t,1271.841,308.057932,622.688,0.9,55558884.9594416,712.346929644553,1.4246084835427243e-05,6175744566.964335,6.518841487351244e-13
NSH,0.65,RVT,s6t,1269.28,301.711649,449.761,0.9,55671003.83403974,712.346929644553,1.4217393867253951e-05,6048518423.156853,6.384547224443345e-13
NSH,0.65,RVT,s6t,1244.731,299.633466,527.603,0.9,56769151.304550864,712.346929644553,1.3942371346152184e-05,6006856365.348168,6.340570607867512e-13
NSH,0.65,RVT,s6t,1153.809,278.520785,500.457,0.9,61243409.85883728,712.346929644553,1.2923783804956392e-05,5583603102.12818,5.893803274468634e-13
NSH,0.65,RVT,s6t,1097.199,274.203485,600.14,0.9,64403777.07360857,712.346929644553,1.2289598909537991e-05,5497052686.60778,5.802444502530435e-13
NSH,0.65,RVT,s6t,1024.67,274.536961,793.331,0.9,68963180.2356792,712.346929644553,1.1477089452502575e-05,5503737996.0294285,5.809501218031064e-13
NSH,0.6,RVT,s6t,1284.971,248.304713,622.055,0.9,54991081.853606366,712.346929644553,1.4393180890694565e-05,4977850991.551124,5.254398268859519e-13
NSH,0.6,RVT,s6t,1303.452,248.70695,581.996,0.9,54211259.226281665,712.346929644553,1.460022511541716e-05,4985914776.6686,5.262910042039079e-13
NSH,0.6,RVT,s6t,1266.256,249.979578,675.179,0.9,55803976.483885385,712.346929644553,1.418351591346738e-05,5011427593.059144,5.289840237117986e-13
NSH,0.6,RVT,s6t,1250.394,243.403382,625.589,0.9,56512002.65500193,712.346929644553,1.4005813832610508e-05,4879592303.3309355,5.150680764627099e-13
NSH,0.6,RVT,s6t,1145.569,229.195774,590.797,0.9,61684000.23326407,712.346929644553,1.2831473080552918e-05,4594767441.507352,4.850032299368872e-13
NSH,0.6,RVT,s6t,1128.052,231.375352,719.108,0.9,62642016.132540904,712.346929644553,1.2635234900793461e-05,4638462200.166496,4.896154544620191e-13
NSH,0.6,RVT,s6t,1047.82,227.604733,791.59,0.9,67439314.24839458,712.346929644553,1.173642699833339e-05,4562871288.898085,4.816364138281312e-13
NSH,0.7,RVT,s6t,1256.542,364.261341,562.74,0.9,56235455.069892205,712.346929644553,1.4074689846649888e-05,7302473865.973668,7.708166858527761e-13
NSH,0.7,RVT,s6t,1247.201,360.481124,463.326,0.9,56656705.01836192,712.346929644553,1.3970042702579174e-05,7226690540.259152,7.628173348051329e-13
NSH,0.7,RVT,s6t,1245.296,347.631394,507.847,0.9,56743390.436339796,712.346929644553,1.3948701027689294e-05,6969087531.243112,7.356259060756619e-13
NSH,0.7,RVT,s6t,1105.579,330.854088,506.738,0.9,63915537.16356903,712.346929644553,1.2383477063931958e-05,6632747039.3586235,7.001232985989659e-13
NSH,0.7,RVT,s6t,1060.528,327.089867,596.069,0.9,66631085.49162439,712.346929644553,1.187878874633432e-05,6557284391.0227165,6.921577968301757e-13
NSH,0.7,RVT,s6t,1012.224,325.233,794.458,0.9,69811259.01561399,712.346929644553,1.1337663861883963e-05,6520059132.084,6.882284639422e-13
sCF,0.65,LVT,s3t,820.077,223.257208,847.435,0.9,86170871.86802377,816.1052208393253,1.052308696724293e-05,4475714942.284384,4.724365772411294e-13
sCF,0.65,LVT,s3t,1134.067,236.168266,295.983,0.9,62309715.37486564,816.1052208393253,1.4552844179354698e-05,4734547415.058568,4.997577827006266e-13
sCF,0.65,LVT,s3t,971.813,218.12005,328.576,0.9,72714667.7367539,816.1052208393253,1.2470435565945993e-05,4372728548.127399,4.615657911912255e-13
sCF,0.65,LVT,s3t,869.94,212.783667,399.595,0.9,81231094.61649661,816.1052208393253,1.1163010704108e-05,4265748221.065116,4.5027342333465123e-13
sCF,0.65,LVT,s3t,853.005,213.272848,497.669,0.9,82844028.7146548,816.1052208393253,1.09456721598325e-05,4275555002.807104,4.5130858362963874e-13
sCF,0.65,LVT,s3t,830.563,214.015009,593.889,0.9,85082803.42701742,816.1052208393253,1.0657659858236627e-05,4290433362.646132,4.5287907716820286e-13
sCF,0.65,LVT,s3t,851.764,217.969018,693.091,0.9,82964747.1336623,816.1052208393253,1.0929745585187724e-05,4369700757.064264,4.612461910234501e-13
sCF,0.65,LVT,s3t,822.695,219.67797,790.656,0.9,85896619.82931957,816.1052208393253,1.0556685239910267e-05,4403960712.52356,4.648625196552647e-13
sCF,0.6,LVT,s3t,821.15,184.683229,950.337,0.9,86058256.84431267,816.1052208393253,1.0536857379656396e-05,3702408961.5266924,3.9080983482781755e-13
sCF,0.6,LVT,s3t,1135.522,195.491281,316.565,0.9,62229862.2076161,816.1052208393253,1.457151834412038e-05,3919081741.1727877,4.136808504571276e-13
sCF,0.6,LVT,s3t,1005.301,180.209883,318.882,0.9,70292086.12902297,816.1052208393253,1.2900222893455409e-05,3612730237.5402837,3.8134374729591887e-13
sCF,0.6,LVT,s3t,895.411,175.577417,397.764,0.9,78920063.26554304,816.1052208393253,1.1489899287831264e-05,3519861579.540116,3.7154094450701227e-13
sCF,0.6,LVT,s3t,859.983,176.529343,496.295,0.9,82171730.44512506,816.1052208393253,1.1035225542875951e-05,3538945171.332364,3.7355532364063853e-13
sCF,0.6,LVT,s3t,838.533,178.786646,595.534,0.9,84274007.73990642,816.1052208393253,1.0759943700659802e-05,3584198110.1148076,3.783320227343408e-13
sCF,0.6,LVT,s3t,851.318,181.110548,704.644,0.9,83008217.81094189,816.1052208393253,1.092402177306874e-05,3630786182.226704,3.832496525683743e-13
sCF,0.6,LVT,s3t,824.465,179.143258,792.254,0.9,85712188.0235524,816.1052208393253,1.0579400661912762e-05,3591347234.979784,3.7908665258119947e-13
sCF,0.6,LVT,s3t,851.304,182.874392,891.026,0.9,83009583.09870656,816.1052208393253,1.092384210184632e-05,3666146576.712416,3.8698213865297724e-13
sCF,0.7,LVT,s3t,818.351,265.960366,860.641,0.9,86352641.08310671,816.1052208393253,1.0500936246265625e-05,5331800011.4093685,5.628011123154333e-13
sCF,0.7,LVT,s3t,1091.096,262.576669,231.392,0.9,64764073.26314246,816.1052208393253,1.40013364358047e-05,5263965860.123812,5.556408407908468e-13
sCF,0.7,LVT,s3t,878.45,254.31381,313.286,0.9,80444057.76438014,816.1052208393253,1.1272225741848101e-05,5098317450.27588,5.38155730862454e-13
sCF,0.7,LVT,s3t,858.109,252.569883,398.303,0.9,82351207.79374894,816.1052208393253,1.101117522139357e-05,5063356338.820284,5.344653913199189e-13
sCF,0.7,LVT,s3t,826.087,259.891139,596.684,0.9,85543871.63216332,816.1052208393253,1.0600216723992922e-05,5210128105.649372,5.499579667074338e-13
sCF,0.7,LVT,s3t,842.174,259.444853,732.943,0.9,83909613.3105296,816.1052208393253,1.080667092761553e-05,5201181254.899844,5.490135769060948e-13
sCF,0.7,LVT,s3t,819.49,263.778885,783.987,0.9,86232604.32755865,816.1052208393253,1.0515553667681203e-05,5288067102.64698,5.581848608349591e-13
sCF,0.65,RVT,s3t,821.05,181.480016,995.511,0.9,86068739.74857703,816.1052208393253,1.0535574023266133e-05,3638193035.7975683,3.8403148711196564e-13
sCF,0.65,RVT,s3t,1104.565,207.011553,324.431,0.9,63974221.36846519,816.1052208393253,1.4174202660281884e-05,4150032643.0114436,4.380590012067636e-13
sCF,0.65,RVT,s3t,986.431,186.142514,326.34,0.9,71636945.44219017,816.1052208393253,1.2658043599054915e-05,3731663755.752872,3.938978408850254e-13
sCF,0.65,RVT,s3t,922.624,184.11411,397.451,0.9,76591972.46414769,816.1052208393253,1.1839146447557833e-05,3690999634.88028,3.896055170151407e-13
sCF,0.65,RVT,s3t,863.273,178.765452,494.067,0.9,81858524.37852438,816.1052208393253,1.1077448385427487e-05,3583773226.6212964,3.7828717392113684e-13
sCF,0.65,RVT,s3t,854.508,180.220469,590.251,0.9,82698293.72393814,816.1052208393253,1.096496116035198e-05,3612942458.766212,3.813661484253224e-13
sCF,0.65,RVT,s3t,869.232,184.333216,692.276,0.9,81297267.53147283,816.1052208393253,1.1153924433675655e-05,3695392129.111168,3.9006916918395665e-13
sCF,0.65,RVT,s3t,823.081,182.195593,792.577,0.9,85856331.4749273,816.1052208393253,1.056163899776186e-05,3652538456.937364,3.8554572601005514e-13
sCF,0.65,RVT,s3t,851.333,181.75764,894.906,0.9,83006755.05245376,816.1052208393253,1.0924214277950575e-05,3643758660.7387204,3.8461896974464277e-13
sCF,0.6,RVT,s3t,822.079,147.684866,992.484,0.9,85960992.56653398,816.1052208393253,1.0548779762035775e-05,2960689903.035368,3.125172675426222e-13
sCF,0.6,RVT,s3t,1100.313,169.86816,315.463,0.9,64221479.24980516,816.1052208393253,1.411963083539706e-05,3405406117.63968,3.5945953463974404e-13
sCF,0.6,RVT,s3t,1080.156,156.220436,332.283,0.9,65420117.01941528,816.1052208393253,1.3860928717709991e-05,3131805445.203728,3.3057946366039357e-13
sCF,0.6,RVT,s3t,952.63,148.570991,407.821,0.9,74179130.89577705,816.1052208393253,1.2224241073738217e-05,2978454359.281868,3.1439240459086387e-13
sCF,0.6,RVT,s3t,887.175,149.473699,496.631,0.9,79652813.36107199,816.1052208393253,1.138420026170131e-05,2996551260.700252,3.163026330739155e-13
sCF,0.6,RVT,s3t,864.492,146.474736,593.334,0.9,81743081.59705049,816.1052208393253,1.1093092662940182e-05,2936430005.800128,3.0995650061223575e-13
sCF,0.6,RVT,s3t,882.593,149.698776,697.995,0.9,80066390.75964376,816.1052208393253,1.1325395963363591e-05,3001063457.646048,3.167789205293051e-13
sCF,0.6,RVT,s3t,844.609,146.611938,791.173,0.9,83667669.58580641,816.1052208393253,1.0837920826519476e-05,2939180542.0404243,3.1024683499315596e-13
sCF,0.6,RVT,s3t,854.974,150.589478,894.402,0.9,82653213.15294836,816.1052208393253,1.0970941650294633e-05,3018919670.6043444,3.1866374300823636e-13
sCF,0.7,RVT,s3t,822.037,219.41295,938.372,0.9,85965385.13013524,816.1052208393253,1.054824075222444e-05,4398647764.3566,4.643017084598633e-13
sCF,0.7,RVT,s3t,1155.66,243.522979,301.031,0.9,61145301.67626551,816.1052208393253,1.4829979636233334e-05,4881989906.009692,5.153211567454675e-13
sCF,0.7,RVT,s3t,997.896,223.308239,337.808,0.9,70813774.62537819,816.1052208393253,1.2805186328612809e-05,4476737978.500172,4.725445643972404e-13
sCF,0.7,RVT,s3t,887.071,219.804819,399.973,0.9,79662153.15021251,816.1052208393253,1.1382865549723626e-05,4406503698.570012,4.651309459601679e-13
sCF,0.7,RVT,s3t,858.695,218.709535,498.279,0.9,82295001.02366966,816.1052208393253,1.1018695758318938e-05,4384546159.06318,4.628132056788913e-13
sCF,0.7,RVT,s3t,840.122,218.107851,595.431,0.9,84114590.8047071,816.1052208393253,1.0780336324950859e-05,4372483990.529148,4.615399767780768e-13
sCF,0.7,RVT,s3t,857.714,221.011097,697.652,0.9,82389137.94384202,816.1052208393253,1.1006105918093741e-05,4430686373.420756,4.676835616388576e-13
sCF,0.7,RVT,s3t,822.351,216.895149,794.378,0.9,85932556.35034788,816.1052208393253,1.0552270492377718e-05,4348172531.514853,4.589737672154566e-13
sCF,0.7,RVT,s3t,855.004,221.308086,878.885,0.9,82650312.65392214,816.1052208393253,1.0971326660399878e-05,4436640215.255928,4.683120227214591e-13
sCF,0.65,HVT,s3t,840.267,160.111422,988.644,0.9,84100073.65415108,816.1052208393253,1.0782197200437335e-05,3209809395.608856,3.3881321398093485e-13
sCF,0.65,HVT,s3t,1204.244,200.079746,544.547,0.9,58678065.26027739,816.1052208393253,1.5453535740964798e-05,4011068295.813608,4.2339054233588086e-13
sCF,0.65,HVT,s3t,1194.384,192.015312,485.444,0.9,59162549.810763694,816.1052208393253,1.5326986102032175e-05,3849397780.992576,4.0632532132699413e-13
sCF,0.65,HVT,s3t,1022.832,165.235436,404.982,0.9,69087123.822416,816.1052208393253,1.3125218254000417e-05,3312532287.423728,3.4965618589472684e-13
sCF,0.65,HVT,s3t,892.918,164.040317,497.561,0.9,79140436.80287223,816.1052208393253,1.1457904648277754e-05,3288573320.9293156,3.4712718387587223e-13
sCF,0.65,HVT,s3t,867.899,161.933859,593.612,0.9,81422148.80114722,816.1052208393253,1.1136817095369816e-05,3246344424.355932,3.4266968923757064e-13
sCF,0.65,HVT,s3t,881.436,165.162413,696.522,0.9,80171503.09396246,816.1052208393253,1.1310547310652196e-05,3311068369.9307237,3.4950166127046526e-13
sCF,0.65,HVT,s3t,850.344,162.157778,789.077,0.9,83103310.0686317,816.1052208393253,1.0911521790906826e-05,3250833406.472744,3.4314352623878966e-13
sCF,0.65,HVT,s3t,873.476,161.153296,891.11,0.9,80902209.72677667,816.1052208393253,1.1208390744489614e-05,3230696206.2590084,3.4101793288289534e-13
sCF,0.6,HVT,s3t,848.017,132.547722,993.639,0.9,83331380.9813206,816.1052208393253,1.0881657882444361e-05,2657230309.541256,2.8048542156268816e-13
sCF,0.6,HVT,s3t,1196.07,171.940483,616.281,0.9,59079139.71839927,816.1052208393253,1.534862530213787e-05,3446950697.9890842,3.638447958988478e-13
sCF,0.6,HVT,s3t,1212.984,172.000793,564.249,0.9,58255198.9557568,816.1052208393253,1.5565710785728124e-05,3448159753.5469637,3.639724184299573e-13
sCF,0.6,HVT,s3t,1151.48,147.559105,532.432,0.9,61367301.5113843,816.1052208393253,1.4776331309633083e-05,2958168728.5035396,3.122511435642625e-13
sCF,0.6,HVT,s3t,1013.607,132.795171,498.431,0.9,69715991.86474504,816.1052208393253,1.3006823175801599e-05,2662191005.7565084,2.8100905060763145e-13
sCF,0.6,HVT,s3t,907.465,133.541637,623.515,0.9,77871608.25868824,816.1052208393253,1.1644598063238153e-05,2677155669.428676,2.825886539952492e-13
sCF,0.6,HVT,s3t,916.726,138.178127,761.139,0.9,77084817.93755226,816.1052208393253,1.1763452298025304e-05,2770104997.9571958,2.9239997200659293e-13
sCF,0.6,HVT,s3t,867.312,131.677192,798.557,0.9,81477263.27192779,816.1052208393253,1.1129283708069575e-05,2639778491.6868157,2.7864328523360837e-13
sCF,0.6,HVT,s3t,890.642,133.738112,890.774,0.9,79342705.53757666,816.1052208393253,1.1428694957735078e-05,2681094472.126976,2.830044165022919e-13
sCF,0.7,HVT,s3t,820.22,192.064396,991.622,0.9,86155846.51076128,816.1052208393253,1.052492216644984e-05,3850381785.0218077,4.0642918841896863e-13
sCF,0.7,HVT,s3t,1170.733,217.991618,424.458,0.9,60357939.91414412,816.1052208393253,1.5023434862094559e-05,4370153827.129064,4.612940150858456e-13
sCF,0.7,HVT,s3t,1042.949,204.631962,375.593,0.9,67754331.66538145,816.1052208393253,1.338340378278243e-05,4102328154.136776,4.3302352738110414e-13
sCF,0.7,HVT,s3t,916.635,196.206556,398.382,0.9,77092471.71462797,816.1052208393253,1.1762284416914123e-05,3933421108.0134883,4.151944502903127e-13
sCF,0.7,HVT,s3t,871.428,191.478619,496.718,0.9,81092369.81966493,816.1052208393253,1.1182107277502034e-05,3838638509.6524124,4.051896204633102e-13
sCF,0.7,HVT,s3t,854.829,192.943362,593.354,0.9,82667235.1016501,816.1052208393253,1.0969080768158669e-05,3868002722.303976,4.0828917624319753e-13
sCF,0.7,HVT,s3t,874.577,195.958013,695.061,0.9,80800348.20707019,816.1052208393253,1.1222520680065785e-05,3928438479.999524,4.1466850622217205e-13
sCF,0.7,HVT,s3t,839.212,192.184244,794.679,0.9,84205812.97744088,816.1052208393253,1.076865772857383e-05,3852784419.5849123,4.066827998450741e-13
sCF,0.7,HVT,s3t,847.493,193.135023,891.071,0.9,83382911.3661984,816.1052208393253,1.0874933051065802e-05,3871845017.0690036,4.086947518017282e-13
mCF,0.65,LVT,s3t,820.077,223.257208,847.435,0.9,86170871.86802377,702.7695546167043,9.06170546679807e-06,4475714942.284384,4.724365772411294e-13
mCF,0.65,LVT,s3t,1134.067,236.168266,295.983,0.9,62309715.37486564,702.7695546167043,1.2531834818815536e-05,4734547415.058568,4.997577827006266e-13
mCF,0.65,LVT,s3t,971.813,218.12005,328.576,0.9,72714667.7367539,702.7695546167043,1.0738618286920136e-05,4372728548.127399,4.615657911912255e-13
mCF,0.65,LVT,s3t,869.94,212.783667,399.595,0.9,81231094.61649661,702.7695546167043,9.612760536734773e-06,4265748221.065116,4.5027342333465123e-13
mCF,0.65,LVT,s3t,853.005,213.272848,497.669,0.9,82844028.7146548,702.7695546167043,9.425604630778857e-06,4275555002.807104,4.5130858362963874e-13
mCF,0.65,LVT,s3t,830.563,214.015009,593.889,0.9,85082803.42701742,702.7695546167043,9.177589703600106e-06,4290433362.646132,4.5287907716820286e-13
mCF,0.65,LVT,s3t,851.764,217.969018,693.091,0.9,82964747.1336623,702.7695546167043,9.411889840720086e-06,4369700757.064264,4.612461910234501e-13
mCF,0.65,LVT,s3t,822.695,219.67797,790.656,0.9,85896619.82931957,702.7695546167043,9.09063781830788e-06,4403960712.52356,4.648625196552647e-13
mCF,0.6,LVT,s3t,821.15,184.683229,950.337,0.9,86058256.84431267,702.7695546167043,9.073563529155209e-06,3702408961.5266924,3.9080983482781755e-13
mCF,0.6,LVT,s3t,1135.522,195.491281,316.565,0.9,62229862.2076161,702.7695546167043,1.2547915630603163e-05,3919081741.1727877,4.136808504571276e-13
mCF,0.6,LVT,s3t,1005.301,180.209883,318.882,0.9,70292086.12902297,702.7695546167043,1.1108719397685068e-05,3612730237.5402837,3.8134374729591887e-13
mCF,0.6,LVT,s3t,895.411,175.577417,397.764,0.9,78920063.26554304,702.7695546167043,9.894252847439782e-06,3519861579.540116,3.7154094450701227e-13
mCF,0.6,LVT,s3t,859.983,176.529343,496.295,0.9,82171730.44512506,702.7695546167043,9.502721391594503e-06,3538945171.332364,3.7355532364063853e-13
mCF,0.6,LVT,s3t,838.533,178.786646,595.534,0.9,84274007.73990642,702.7695546167043,9.265668996010824e-06,3584198110.1148076,3.783320227343408e-13
mCF,0.6,LVT,s3t,851.318,181.110548,704.644,0.9,83008217.81094189,702.7695546167043,9.406960916372032e-06,3630786182.226704,3.832496525683743e-13
mCF,0.6,LVT,s3t,824.465,179.143258,792.254,0.9,85712188.0235524,702.7695546167043,9.110198662419632e-06,3591347234.979784,3.7908665258119947e-13
mCF,0.6,LVT,s3t,851.304,182.874392,891.026,0.9,83009583.09870656,702.7695546167043,9.406806196782287e-06,3666146576.712416,3.8698213865297724e-13
mCF,0.7,LVT,s3t,818.351,265.960366,860.641,0.9,86352641.08310671,702.7695546167043,9.042630901511439e-06,5331800011.4093685,5.628011123154333e-13
mCF,0.7,LVT,s3t,1091.096,262.576669,231.392,0.9,64764073.26314246,702.7695546167043,1.2056917073645759e-05,5263965860.123812,5.556408407908468e-13
mCF,0.7,LVT,s3t,878.45,254.31381,313.286,0.9,80444057.76438014,702.7695546167043,9.706808462749902e-06,5098317450.27588,5.38155730862454e-13
mCF,0.7,LVT,s3t,858.109,252.569883,398.303,0.9,82351207.79374894,702.7695546167043,9.482011030620241e-06,5063356338.820284,5.344653913199189e-13
mCF,0.7,LVT,s3t,826.087,259.891139,596.684,0.9,85543871.63216332,702.7695546167043,9.128123918015843e-06,5210128105.649372,5.499579667074338e-13
mCF,0.7,LVT,s3t,842.174,259.444853,732.943,0.9,83909613.3105296,702.7695546167043,9.30590703350601e-06,5201181254.899844,5.490135769060948e-13
mCF,0.7,LVT,s3t,819.49,263.778885,783.987,0.9,86232604.32755865,702.7695546167043,9.055218345477678e-06,5288067102.64698,5.581848608349591e-13
mCF,0.65,RVT,s3t,821.05,181.480016,995.511,0.9,86068739.74857703,702.7695546167043,9.072458397395518e-06,3638193035.7975683,3.8403148711196564e-13
mCF,0.65,RVT,s3t,1104.565,207.011553,324.431,0.9,63974221.36846519,702.7695546167043,1.2205776701647108e-05,4150032643.0114436,4.380590012067636e-13
mCF,0.65,RVT,s3t,986.431,186.142514,326.34,0.9,71636945.44219017,702.7695546167043,1.0900172471973476e-05,3731663755.752872,3.938978408850254e-13
mCF,0.65,RVT,s3t,922.624,184.11411,397.451,0.9,76591972.46414769,702.7695546167043,1.0194998712831704e-05,3690999634.88028,3.896055170151407e-13
mCF,0.65,RVT,s3t,863.273,178.765452,494.067,0.9,81858524.37852438,702.7695546167043,9.539080585846533e-06,3583773226.6212964,3.7828717392113684e-13
mCF,0.65,RVT,s3t,854.508,180.220469,590.251,0.9,82698293.72393814,702.7695546167043,9.442214893717911e-06,3612942458.766212,3.813661484253224e-13
mCF,0.65,RVT,s3t,869.232,184.333216,692.276,0.9,81297267.53147283,702.7695546167043,9.60493611157266e-06,3695392129.111168,3.9006916918395665e-13
mCF,0.65,RVT,s3t,823.081,182.195593,792.577,0.9,85856331.4749273,702.7695546167043,9.094903628782005e-06,3652538456.937364,3.8554572601005514e-13
mCF,0.65,RVT,s3t,851.333,181.75764,894.906,0.9,83006755.05245376,702.7695546167043,9.407126687361624e-06,3643758660.7387204,3.8461896974464277e-13
mCF,0.6,RVT,s3t,822.079,147.684866,992.484,0.9,85960992.56653398,702.7695546167043,9.083830204506349e-06,2960689903.035368,3.125172675426222e-13
mCF,0.6,RVT,s3t,1100.313,169.86816,315.463,0.9,64221479.24980516,702.7695546167043,1.2158783475663962e-05,3405406117.63968,3.5945953463974404e-13
mCF,0.6,RVT,s3t,1080.156,156.220436,332.283,0.9,65420117.01941528,702.7695546167043,1.1936008314590543e-05,3131805445.203728,3.3057946366039357e-13
mCF,0.6,RVT,s3t,952.63,148.570991,407.821,0.9,74179130.89577705,702.7695546167043,1.0526613769340892e-05,2978454359.281868,3.1439240459086387e-13
mCF,0.6,RVT,s3t,887.175,149.473699,496.631,0.9,79652813.36107199,702.7695546167043,9.80323265099946e-06,2996551260.700252,3.163026330739155e-13
mCF,0.6,RVT,s3t,864.492,146.474736,593.334,0.9,81743081.59705049,702.7695546167043,9.552552282460102e-06,2936430005.800128,3.0995650061223575e-13
mCF,0.6,RVT,s3t,882.593,149.698776,697.995,0.9,80066390.75964376,702.7695546167043,9.75259473140639e-06,3001063457.646048,3.167789205293051e-13
mCF,0.6,RVT,s3t,844.609,146.611938,791.173,0.9,83667669.58580641,702.7695546167043,9.332817138935744e-06,2939180542.0404243,3.1024683499315596e-13
mCF,0.6,RVT,s3t,854.974,150.589478,894.402,0.9,82653213.15294836,702.7695546167043,9.447364850054504e-06,3018919670.6043444,3.1866374300823636e-13
mCF,0.7,RVT,s3t,822.037,219.41295,938.372,0.9,85965385.13013524,702.7695546167043,9.083366049057548e-06,4398647764.3566,4.643017084598633e-13
mCF,0.7,RVT,s3t,1155.66,243.522979,301.031,0.9,61145301.67626551,702.7695546167043,1.2770483410474824e-05,4881989906.009692,5.153211567454675e-13
mCF,0.7,RVT,s3t,997.896,223.308239,337.808,0.9,70813774.62537819,702.7695546167043,1.1026880925584565e-05,4476737978.500172,4.725445643972404e-13
mCF,0.7,RVT,s3t,887.071,219.804819,399.973,0.9,79662153.15021251,702.7695546167043,9.8020832956e-06,4406503698.570012,4.651309459601679e-13
mCF,0.7,RVT,s3t,858.695,218.709535,498.279,0.9,82295001.02366966,702.7695546167043,9.488487161700597e-06,4384546159.06318,4.628132056788913e-13
mCF,0.7,RVT,s3t,840.122,218.107851,595.431,0.9,84114590.8047071,702.7695546167043,9.283229618249894e-06,4372483990.529148,4.615399767780768e-13
mCF,0.7,RVT,s3t,857.714,221.011097,697.652,0.9,82389137.94384202,702.7695546167043,9.477645720938024e-06,4430686373.420756,4.676835616388576e-13
mCF,0.7,RVT,s3t,822.351,216.895149,794.378,0.9,85932556.35034788,702.7695546167043,9.086836163719759e-06,4348172531.514853,4.589737672154566e-13
mCF,0.7,RVT,s3t,855.004,221.308086,878.885,0.9,82650312.65392214,702.7695546167043,9.447696392327826e-06,4436640215.255928,4.683120227214591e-13
mCF,0.65,HVT,s3t,840.267,160.111422,988.644,0.9,84100073.65415108,702.7695546167043,9.284832066810978e-06,3209809395.608856,3.3881321398093485e-13
mCF,0.65,HVT,s3t,1204.244,200.079746,544.547,0.9,58678065.26027739,702.7695546167043,1.3307443884211251e-05,4011068295.813608,4.2339054233588086e-13
mCF,0.65,HVT,s3t,1194.384,192.015312,485.444,0.9,59162549.810763694,702.7695546167043,1.3198468679643734e-05,3849397780.992576,4.0632532132699413e-13
mCF,0.65,HVT,s3t,1022.832,165.235436,404.982,0.9,69087123.822416,702.7695546167043,1.1302468788429588e-05,3312532287.423728,3.4965618589472684e-13
mCF,0.65,HVT,s3t,892.918,164.040317,497.561,0.9,79140436.80287223,702.7695546167043,9.866701426354621e-06,3288573320.9293156,3.4712718387587223e-13
mCF,0.65,HVT,s3t,867.899,161.933859,593.612,0.9,81422148.80114722,702.7695546167043,9.590204535037092e-06,3246344424.355932,3.4266968923757064e-13
mCF,0.65,HVT,s3t,881.436,165.162413,696.522,0.9,80171503.09396246,702.7695546167043,9.739808168122414e-06,3311068369.9307237,3.4950166127046526e-13
mCF,0.65,HVT,s3t,850.344,162.157778,789.077,0.9,83103310.0686317,702.7695546167043,9.396196854738398e-06,3250833406.472744,3.4314352623878966e-13
mCF,0.65,HVT,s3t,873.476,161.153296,891.11,0.9,80902209.72677667,702.7695546167043,9.651838476629185e-06,3230696206.2590084,3.4101793288289534e-13
mCF,0.6,HVT,s3t,848.017,132.547722,993.639,0.9,83331380.9813206,702.7695546167043,9.37048026193472e-06,2657230309.541256,2.8048542156268816e-13
mCF,0.6,HVT,s3t,1196.07,171.940483,616.281,0.9,59079139.71839927,702.7695546167043,1.3217102760926662e-05,3446950697.9890842,3.638447958988478e-13
mCF,0.6,HVT,s3t,1212.984,172.000793,564.249,0.9,58255198.9557568,702.7695546167043,1.3404040749706558e-05,3448159753.5469637,3.639724184299573e-13
mCF,0.6,HVT,s3t,1151.48,147.559105,532.432,0.9,61367301.5113843,702.7695546167043,1.2724285433022828e-05,2958168728.5035396,3.122511435642625e-13
mCF,0.6,HVT,s3t,1013.607,132.795171,498.431,0.9,69715991.86474504,702.7695546167043,1.1200515689429655e-05,2662191005.7565084,2.8100905060763145e-13
mCF,0.6,HVT,s3t,907.465,133.541637,623.515,0.9,77871608.25868824,702.7695546167043,1.0027468009794262e-05,2677155669.428676,2.825886539952492e-13
mCF,0.6,HVT,s3t,916.726,138.178127,761.139,0.9,77084817.93755226,702.7695546167043,1.012981650054374e-05,2770104997.9571958,2.9239997200659293e-13
mCF,0.6,HVT,s3t,867.312,131.677192,798.557,0.9,81477263.27192779,702.7695546167043,9.58371733816277e-06,2639778491.6868157,2.7864328523360837e-13
mCF,0.6,HVT,s3t,890.642,133.738112,890.774,0.9,79342705.53757666,702.7695546167043,9.841548197715725e-06,2681094472.126976,2.830044165022919e-13
mCF,0.7,HVT,s3t,820.22,192.064396,991.622,0.9,86155846.51076128,702.7695546167043,9.06328580484314e-06,3850381785.0218077,4.0642918841896863e-13
mCF,0.7,HVT,s3t,1170.733,217.991618,424.458,0.9,60357939.91414412,702.7695546167043,1.2937072766167149e-05,4370153827.129064,4.612940150858456e-13
mCF,0.7,HVT,s3t,1042.949,204.631962,375.593,0.9,67754331.66538145,702.7695546167043,1.1524799101283127e-05,4102328154.136776,4.3302352738110414e-13
mCF,0.7,HVT,s3t,916.635,196.206556,398.382,0.9,77092471.71462797,702.7695546167043,1.0128810807567649e-05,3933421108.0134883,4.151944502903127e-13
mCF,0.7,HVT,s3t,871.428,191.478619,496.718,0.9,81092369.81966493,702.7695546167043,9.629205095642296e-06,3838638509.6524124,4.051896204633102e-13
mCF,0.7,HVT,s3t,854.829,192.943362,593.354,0.9,82667235.1016501,702.7695546167043,9.44576239576737e-06,3868002722.303976,4.0828917624319753e-13
mCF,0.7,HVT,s3t,874.577,195.958013,695.061,0.9,80800348.20707019,702.7695546167043,9.664006133786695e-06,3928438479.999524,4.1466850622217205e-13
mCF,0.7,HVT,s3t,839.212,192.184244,794.679,0.9,84205812.97744088,702.7695546167043,9.273172873402714e-06,3852784419.5849123,4.066827998450741e-13
mCF,0.7,HVT,s3t,847.493,193.135023,891.071,0.9,83382911.3661984,702.7695546167043,9.364689333716026e-06,3871845017.0690036,4.086947518017282e-13
